name,address,website,phone_number,reviews_count,reviews_average,latitude,longitude,map_url
"Igor's Pastry | Bakery, Pastry & Oleh-Oleh Surabaya - Biliton","Jl. Biliton No.55, Gubeng, Kec. Gubeng, Surabaya, Jawa Timur 60281",igors-pastry.com,(031) 5038342,2732,4.6,-7.2753996,112.6606616,"https://www.google.com/maps/place/Igor's+Pastry+%7C+Bakery,+Pastry+%26+Oleh-Oleh+Surabaya+-+Biliton/@-7.2753996,112.6606616,12z/data=!4m11!1m3!2m2!1stoko+kue+surabaya!6e5!3m6!1s0x2dd7fbdb02c5452f:0x65a8384da12bb981!8m2!3d-7.2747479!4d112.7498068!15sChF0b2tvIGt1ZSBzdXJhYmF5YVoTIhF0b2tvIGt1ZSBzdXJhYmF5YZIBBmJha2VyeeABAA!16s%2Fg%2F1hc9spn9y?entry=ttu&g_ep=EgoyMDI1MDEyOS4xIKXMDSoASAFQAw%3D%3D"
Tungga Dewi Cake,"Darmo Permai Timur VI No.18a, Sonokwijenan, Kec. Sukomanunggal, Surabaya, Jawa Timur 60189",instagram.com,(031) 99150044,392,4.9,-7.2821018,112.5524113,"https://www.google.com/maps/place/Tungga+Dewi+Cake/@-7.2821018,112.5524113,12z/data=!4m11!1m3!2m2!1stoko+kue+surabaya!6e5!3m6!1s0x2dd7fd7a56c4c01b:0x227c8975834cb7f!8m2!3d-7.2821018!4d112.6966069!15sChF0b2tvIGt1ZSBzdXJhYmF5YVoTIhF0b2tvIGt1ZSBzdXJhYmF5YZIBCWNha2Vfc2hvcOABAA!16s%2Fg%2F11h6rrkx56?entry=ttu&g_ep=EgoyMDI1MDEyOS4xIKXMDSoASAFQAw%3D%3D"
The Harvest Patissier & Chocolatier - Bengawan,"Jl. Bengawan No.39, Darmo, Kec. Wonokromo, Surabaya, Jawa Timur 60241",harvestcakes.com,(021) 1500581,2478,4.6,-7.2821018,112.5524113,"https://www.google.com/maps/place/The+Harvest+Patissier+%26+Chocolatier+-+Bengawan/@-7.2821018,112.5524113,12z/data=!4m11!1m3!2m2!1stoko+kue+surabaya!6e5!3m6!1s0x2dd7fb9440000001:0xcebbbfb8050024b!8m2!3d-7.2901214!4d112.7377761!15sChF0b2tvIGt1ZSBzdXJhYmF5YVoTIhF0b2tvIGt1ZSBzdXJhYmF5YZIBCWNha2Vfc2hvcOABAA!16s%2Fg%2F1td5cjn3?entry=ttu&g_ep=EgoyMDI1MDEyOS4xIKXMDSoASAFQAw%3D%3D"
Holland Bakery - Kertajaya,"Jl. Kertajaya No.63, Airlangga, Kec. Gubeng, Surabaya, Jawa Timur 60286",,(031) 5039020,3023,4.6,-7.2821018,112.5524113,"https://www.google.com/maps/place/Holland+Bakery+-+Kertajaya/@-7.2821018,112.5524113,12z/data=!4m11!1m3!2m2!1stoko+kue+surabaya!6e5!3m6!1s0x2dd7fbd1dcc9f23f:0x788b9c9e314cfca9!8m2!3d-7.2776055!4d112.7540147!15sChF0b2tvIGt1ZSBzdXJhYmF5YVoTIhF0b2tvIGt1ZSBzdXJhYmF5YZIBBmJha2VyeeABAA!16s%2Fg%2F1tkgtlr1?entry=ttu&g_ep=EgoyMDI1MDEyOS4xIKXMDSoASAFQAw%3D%3D"
Purimas 3 Cake & Bakery Surabaya,"Jl. Diponegoro No.15, II, Darmo, Kec. Wonokromo, Surabaya, Jawa Timur 60241",wa.me,0823-1600-0059,353,4.5,-7.2821018,112.5524113,"https://www.google.com/maps/place/Purimas+3+Cake+%26+Bakery+Surabaya/@-7.2821018,112.5524113,12z/data=!4m11!1m3!2m2!1stoko+kue+surabaya!6e5!3m6!1s0x2dd7fb963263b42f:0x9f51d3ef705a5311!8m2!3d-7.2946714!4d112.7380471!15sChF0b2tvIGt1ZSBzdXJhYmF5YVoTIhF0b2tvIGt1ZSBzdXJhYmF5YZIBBmJha2VyeeABAA!16s%2Fg%2F1hm304gck?entry=ttu&g_ep=EgoyMDI1MDEyOS4xIKXMDSoASAFQAw%3D%3D"
Majestyk,"Jl. Kapas Krampung No.93 003, RT.003/RW.04, Rangkah, Kec. Tambaksari, Surabaya, Jawa Timur 60135",,(031) 3722671,807,4.3,-7.2821018,112.5524113,"https://www.google.com/maps/place/Majestyk/@-7.2821018,112.5524113,12z/data=!4m11!1m3!2m2!1stoko+kue+surabaya!6e5!3m6!1s0x2dd7f99fc0000001:0xdf57da98dad4858e!8m2!3d-7.2499399!4d112.7642364!15sChF0b2tvIGt1ZSBzdXJhYmF5YVoTIhF0b2tvIGt1ZSBzdXJhYmF5YZIBBmJha2VyeeABAA!16s%2Fg%2F1pp2tld2x?entry=ttu&g_ep=EgoyMDI1MDEyOS4xIKXMDSoASAFQAw%3D%3D"
Bon Ami Bakery Manyar Kertoarjo,"Jl. Manyar Kertoarjo V No.17, Mojo, Kec. Gubeng, Surabaya, Jawa Timur 60285",bonami.co.id,0811-3117-8801,970,4.7,-7.2821018,112.5524113,"https://www.google.com/maps/place/Bon+Ami+Bakery+Manyar+Kertoarjo/@-7.2821018,112.5524113,12z/data=!4m11!1m3!2m2!1stoko+kue+surabaya!6e5!3m6!1s0x2dd7fa2cffffffff:0x80b1d225c2f72b58!8m2!3d-7.2776369!4d112.7659601!15sChF0b2tvIGt1ZSBzdXJhYmF5YVoTIhF0b2tvIGt1ZSBzdXJhYmF5YZIBBmJha2VyeeABAA!16s%2Fg%2F1wb44mjt?entry=ttu&g_ep=EgoyMDI1MDEyOS4xIKXMDSoASAFQAw%3D%3D"
Suzana Bakery,"Jl. Dinoyo No.146 - 148, Keputran, Kec. Tegalsari, Surabaya, Jawa Timur 60265",,(031) 5619809,4069,4.5,-7.2821018,112.5524113,"https://www.google.com/maps/place/Suzana+Bakery/@-7.2821018,112.5524113,12z/data=!4m11!1m3!2m2!1stoko+kue+surabaya!6e5!3m6!1s0x2dd7fbbf5b1392c9:0x78dc409f5a3561e1!8m2!3d-7.2875727!4d112.744173!15sChF0b2tvIGt1ZSBzdXJhYmF5YVoTIhF0b2tvIGt1ZSBzdXJhYmF5YZIBBmJha2VyeeABAA!16s%2Fg%2F1ptvvhfrg?entry=ttu&g_ep=EgoyMDI1MDEyOS4xIKXMDSoASAFQAw%3D%3D"
Nisha Cake Surabaya,"Dukuh Kupang, Kec. Sawahan, Surabaya, Jawa Timur 60255",,0896-1641-4890,37,4.8,-7.2821018,112.5524113,"https://www.google.com/maps/place/Nisha+Cake+Surabaya/@-7.2821018,112.5524113,12z/data=!4m11!1m3!2m2!1stoko+kue+surabaya!6e5!3m6!1s0x2dd7fd84783832fb:0x2a98298b15ae58ed!8m2!3d-7.2769004!4d112.7116133!15sChF0b2tvIGt1ZSBzdXJhYmF5YVoTIhF0b2tvIGt1ZSBzdXJhYmF5YZIBCWNha2Vfc2hvcOABAA!16s%2Fg%2F11hdy7jy76?entry=ttu&g_ep=EgoyMDI1MDEyOS4xIKXMDSoASAFQAw%3D%3D"
Surabaya Kue,"Merr Square City, Ruko No.2H, Penjaringan Sari, Kec. Rungkut, Surabaya, Jawa Timur 60293",,0859-3131-9252,89,4.7,-7.3230681,112.6365341,"https://www.google.com/maps/place/Surabaya+Kue/@-7.3230681,112.6365341,12z/data=!4m11!1m3!2m2!1stoko+kue+surabaya!6e5!3m6!1s0x2dd7faebd7fa59af:0x324bc106e2f3f7d6!8m2!3d-7.3230681!4d112.7807297!15sChF0b2tvIGt1ZSBzdXJhYmF5YVoTIhF0b2tvIGt1ZSBzdXJhYmF5YZIBBmJha2VyeeABAA!16s%2Fg%2F11bc7s99_9?entry=ttu&g_ep=EgoyMDI1MDEyOS4xIKXMDSoASAFQAw%3D%3D"
DNEVEN Spiku CW,"Ciputra World, Gn. Sari, Kec. Dukuhpakis, Surabaya, Jawa Timur 60224",dnevensurabaya.com,0812-3410-9001,1352,4.9,-7.3230681,112.6365341,"https://www.google.com/maps/place/DNEVEN+Spiku+CW/@-7.3230681,112.6365341,12z/data=!4m11!1m3!2m2!1stoko+kue+surabaya!6e5!3m6!1s0x2dd7fbb365977e43:0x4054f961d5e63287!8m2!3d-7.2936339!4d112.7193093!15sChF0b2tvIGt1ZSBzdXJhYmF5YVoTIhF0b2tvIGt1ZSBzdXJhYmF5YZIBCWNha2Vfc2hvcOABAA!16s%2Fg%2F11dyyzvxtt?entry=ttu&g_ep=EgoyMDI1MDEyOS4xIKXMDSoASAFQAw%3D%3D"
Brownies dan Bolen Afiyan cake and cookies Surabaya,"Jl. Tambak Wedi Baru VB/3, Tambak Wedi, Kec. Kenjeran, Surabaya, Jawa Timur 60126",,0856-4858-4485,83,4.9,-7.3230681,112.6365341,"https://www.google.com/maps/place/Brownies+dan+Bolen+Afiyan+cake+and+cookies+Surabaya/@-7.3230681,112.6365341,12z/data=!4m11!1m3!2m2!1stoko+kue+surabaya!6e5!3m6!1s0x2dd7f90da1867c5f:0x788b0beac3aa6f2d!8m2!3d-7.214595!4d112.7754509!15sChF0b2tvIGt1ZSBzdXJhYmF5YVoTIhF0b2tvIGt1ZSBzdXJhYmF5YZIBCWNha2Vfc2hvcOABAA!16s%2Fg%2F11q94_7yxt?entry=ttu&g_ep=EgoyMDI1MDEyOS4xIKXMDSoASAFQAw%3D%3D"
Surabaya Roll Cake,"Jl. Ahmad Yani No.243, Siwalankerto, Kec. Wonocolo, Surabaya, Jawa Timur 60234",surabayarollcake.com,0818-419-088,104,4.9,-7.3230681,112.6365341,"https://www.google.com/maps/place/Surabaya+Roll+Cake/@-7.3230681,112.6365341,12z/data=!4m11!1m3!2m2!1stoko+kue+surabaya!6e5!3m6!1s0x2dd7fbf60c220997:0x9b01a0531dcc0781!8m2!3d-7.336219!4d112.7297892!15sChF0b2tvIGt1ZSBzdXJhYmF5YVoTIhF0b2tvIGt1ZSBzdXJhYmF5YZIBCWNha2Vfc2hvcOABAA!16s%2Fg%2F11gmv2v3jb?entry=ttu&g_ep=EgoyMDI1MDEyOS4xIKXMDSoASAFQAw%3D%3D"
Komugi Boulangerie,"Jl. Manyar Kertoarjo No.52, Manyar Sabrangan, Kec. Mulyorejo, Surabaya, Jawa Timur 60116",komugi.co,(031) 5991288,1362,4.7,-7.3230681,112.6365341,"https://www.google.com/maps/place/Komugi+Boulangerie/@-7.3230681,112.6365341,12z/data=!4m11!1m3!2m2!1stoko+kue+surabaya!6e5!3m6!1s0x2dd7fa33e2cc59a9:0x133228724d4c7b06!8m2!3d-7.2803346!4d112.7667206!15sChF0b2tvIGt1ZSBzdXJhYmF5YVoTIhF0b2tvIGt1ZSBzdXJhYmF5YZIBBmJha2VyeeABAA!16s%2Fg%2F1tr6ppyz?entry=ttu&g_ep=EgoyMDI1MDEyOS4xIKXMDSoASAFQAw%3D%3D"
Holland Bakery - Jemursari,"Jl. Raya Jemursari No.76, Jemur Wonosari, Kec. Wonocolo, Surabaya, Jawa Timur 60237",hollandbakery.co.id,0878-9562-7555,1131,4.5,-7.3230681,112.6365341,"https://www.google.com/maps/place/Holland+Bakery+-+Jemursari/@-7.3230681,112.6365341,12z/data=!4m11!1m3!2m2!1stoko+kue+surabaya!6e5!3m6!1s0x2dd7fb6ad92a872f:0xa2a691222841ed9b!8m2!3d-7.3231829!4d112.7425448!15sChF0b2tvIGt1ZSBzdXJhYmF5YVoTIhF0b2tvIGt1ZSBzdXJhYmF5YZIBBmJha2VyeeABAA!16s%2Fg%2F1v_swr92?entry=ttu&g_ep=EgoyMDI1MDEyOS4xIKXMDSoASAFQAw%3D%3D"
Corica Pastries Biliton,"Jl. Biliton No.40A, Gubeng, Kec. Gubeng, Surabaya, Jawa Timur 60281",coricapastries.co.id,(031) 99441098,1248,4.6,-7.3230681,112.6365341,"https://www.google.com/maps/place/Corica+Pastries+Biliton/@-7.3230681,112.6365341,12z/data=!4m11!1m3!2m2!1stoko+kue+surabaya!6e5!3m6!1s0x2dd7fbdac8d42b01:0x5f843472f513c9ba!8m2!3d-7.2763638!4d112.7491159!15sChF0b2tvIGt1ZSBzdXJhYmF5YVoTIhF0b2tvIGt1ZSBzdXJhYmF5YZIBBmJha2VyeeABAA!16s%2Fg%2F11cncmbwkf?entry=ttu&g_ep=EgoyMDI1MDEyOS4xIKXMDSoASAFQAw%3D%3D"
Custom Cake Surabaya Birthday Tart & Workshop,"Jl. Kalisari Dharma I No.21, Kalisari, Kec. Mulyorejo, Surabaya, Jawa Timur 60112",,0813-3156-7858,106,3.3,-7.3230681,112.6365341,"https://www.google.com/maps/place/Custom+Cake+Surabaya+Birthday+Tart+%26+Workshop/@-7.3230681,112.6365341,12z/data=!4m11!1m3!2m2!1stoko+kue+surabaya!6e5!3m6!1s0x2dd7fa60a7bb2975:0x35106b6df0e147d8!8m2!3d-7.2684575!4d112.8037035!15sChF0b2tvIGt1ZSBzdXJhYmF5YVoTIhF0b2tvIGt1ZSBzdXJhYmF5YZIBCWNha2Vfc2hvcOABAA!16s%2Fg%2F11c605hjmr?entry=ttu&g_ep=EgoyMDI1MDEyOS4xIKXMDSoASAFQAw%3D%3D"
Freshone Bakery,"Jl. Diponegoro No..152, DR. Soetomo, Kec. Tegalsari, Surabaya, Jawa Timur 60264",instagram.com,0823-3365-9566,601,4.5,-7.3230681,112.6365341,"https://www.google.com/maps/place/Freshone+Bakery/@-7.3230681,112.6365341,12z/data=!4m11!1m3!2m2!1stoko+kue+surabaya!6e5!3m6!1s0x2dd7fbeec6a8b2c3:0x7fc6673ce1953b02!8m2!3d-7.281025!4d112.732015!15sChF0b2tvIGt1ZSBzdXJhYmF5YVoTIhF0b2tvIGt1ZSBzdXJhYmF5YZIBBmJha2VyeeABAA!16s%2Fg%2F11b6jkb6rm?entry=ttu&g_ep=EgoyMDI1MDEyOS4xIKXMDSoASAFQAw%3D%3D"
Sarah Bakery | Oleh-Oleh Bolu Hampers Snack Box Hajatan Surabaya,"Jl. Raya Menganti Jl. Dukuh Karangan VI No.20, Babatan, Kec. Wiyung, Surabaya, Jawa Timur 60227",sarahbakery.my.id,0822-3433-0420,147,5.0,-7.309151,112.5382287,"https://www.google.com/maps/place/Sarah+Bakery+%7C+Oleh-Oleh+Bolu+Hampers+Snack+Box+Hajatan+Surabaya/@-7.309151,112.5382287,12z/data=!4m11!1m3!2m2!1stoko+kue+surabaya!6e5!3m6!1s0x2dd7fd22a3a9f1ed:0x14af97f699fba5d0!8m2!3d-7.309151!4d112.6824243!15sChF0b2tvIGt1ZSBzdXJhYmF5YVoTIhF0b2tvIGt1ZSBzdXJhYmF5YZIBCWNha2Vfc2hvcOABAA!16s%2Fg%2F11nz0vzmhc?entry=ttu&g_ep=EgoyMDI1MDEyOS4xIKXMDSoASAFQAw%3D%3D"
Kampoeng Roti - Nginden,"Jl. Raya Nginden No.119A, Nginden Jangkungan, Kec. Sukolilo, Surabaya, Jawa Timur 60284",kampoengroti.com,(031) 5914158,1263,4.5,-7.3044176,112.6182748,"https://www.google.com/maps/place/Kampoeng+Roti+-+Nginden/@-7.3044176,112.6182748,12z/data=!4m11!1m3!2m2!1stoko+kue+surabaya!6e5!3m6!1s0x2dd7fbaad1ad7373:0x98edafc29e8225f8!8m2!3d-7.3044176!4d112.7624704!15sChF0b2tvIGt1ZSBzdXJhYmF5YVoTIhF0b2tvIGt1ZSBzdXJhYmF5YZIBBmJha2VyeeABAA!16s%2Fg%2F1pzs4z3_f?entry=ttu&g_ep=EgoyMDI1MDEyOS4xIKXMDSoASAFQAw%3D%3D"
Melly Roti & Kue,"Jl. Adityawarman No.78, Darmo, Kec. Wonokromo, Surabaya, Jawa Timur 60242",mellyrotikue.com,0812-1639-3377,629,4.4,-7.3044176,112.6182748,"https://www.google.com/maps/place/Melly+Roti+%26+Kue/@-7.3044176,112.6182748,12z/data=!4m11!1m3!2m2!1stoko+kue+surabaya!6e5!3m6!1s0x2dd7fb91797b3707:0xc7b12eecdba6fac0!8m2!3d-7.29345!4d112.730858!15sChF0b2tvIGt1ZSBzdXJhYmF5YVoTIhF0b2tvIGt1ZSBzdXJhYmF5YZIBBmJha2VyeeABAA!16s%2Fg%2F1pzsskx6r?entry=ttu&g_ep=EgoyMDI1MDEyOS4xIKXMDSoASAFQAw%3D%3D"
Cake Boss,"Jl. Rungkut Madya No.119, Rungkut Kidul, Kec. Rungkut, Surabaya, Jawa Timur 60293",,(031) 8710776,556,4.5,-7.3044176,112.6182748,"https://www.google.com/maps/place/Cake+Boss/@-7.3044176,112.6182748,12z/data=!4m11!1m3!2m2!1stoko+kue+surabaya!6e5!3m6!1s0x2dd7fac41ead30b7:0x36d095e2c26142f3!8m2!3d-7.331344!4d112.780325!15sChF0b2tvIGt1ZSBzdXJhYmF5YVoTIhF0b2tvIGt1ZSBzdXJhYmF5YZIBBmJha2VyeeABAA!16s%2Fg%2F11b6ybtk8r?entry=ttu&g_ep=EgoyMDI1MDEyOS4xIKXMDSoASAFQAw%3D%3D"
Laritta Bakery Kutai,"Jl. Kutai No.56, Darmo, Kec. Wonokromo, Surabaya, Jawa Timur 60243",larittabakery.com,0895-6281-32642,585,4.8,-7.3044176,112.6182748,"https://www.google.com/maps/place/Laritta+Bakery+Kutai/@-7.3044176,112.6182748,12z/data=!4m11!1m3!2m2!1stoko+kue+surabaya!6e5!3m6!1s0x2dd7fb9402402179:0xd502115eeaf23edc!8m2!3d-7.2925461!4d112.7330325!15sChF0b2tvIGt1ZSBzdXJhYmF5YVoTIhF0b2tvIGt1ZSBzdXJhYmF5YZIBBmJha2VyeeABAA!16s%2Fg%2F11btm7s71_?entry=ttu&g_ep=EgoyMDI1MDEyOS4xIKXMDSoASAFQAw%3D%3D"
Secret sugar surabaya,"Ruko Klampis Jaya, Milenial No. 43 C, Klampis Ngasem, Kec. Sukolilo, Surabaya, Jawa Timur 60117",,0822-5717-6332,236,5.0,-7.3044176,112.6182748,"https://www.google.com/maps/place/Secret+sugar+surabaya/@-7.3044176,112.6182748,12z/data=!4m11!1m3!2m2!1stoko+kue+surabaya!6e5!3m6!1s0xa0f3181cb562813:0xf8ade05d9c3ee9ad!8m2!3d-7.2827689!4d112.7762302!15sChF0b2tvIGt1ZSBzdXJhYmF5YVoTIhF0b2tvIGt1ZSBzdXJhYmF5YZIBBmJha2VyeeABAA!16s%2Fg%2F11ny4hs6_j?entry=ttu&g_ep=EgoyMDI1MDEyOS4xIKXMDSoASAFQAw%3D%3D"
Laritta Bakery Stasiun Gubeng Baru,"Jl. Gubeng Masjid, Pacar Keling, Kec. Tambaksari, Surabaya, Jawa Timur 60131",larittabakery.com,0895-3454-68811,223,4.9,-7.3044176,112.6182748,"https://www.google.com/maps/place/Laritta+Bakery+Stasiun+Gubeng+Baru/@-7.3044176,112.6182748,12z/data=!4m11!1m3!2m2!1stoko+kue+surabaya!6e5!3m6!1s0x2dd7f993fb4c1f3b:0xa794557e4d7abc5e!8m2!3d-7.2655898!4d112.7532322!15sChF0b2tvIGt1ZSBzdXJhYmF5YVoTIhF0b2tvIGt1ZSBzdXJhYmF5YZIBBmJha2VyeeABAA!16s%2Fg%2F11shrt81nh?entry=ttu&g_ep=EgoyMDI1MDEyOS4xIKXMDSoASAFQAw%3D%3D"
Kue Nyonya Sunaryo,"Jl. Manyar Tirtoasri VII No.22, Klampis Ngasem, Kec. Sukolilo, Surabaya, Jawa Timur 60118",,(031) 5940657,738,4.6,-7.3044176,112.6182748,"https://www.google.com/maps/place/Kue+Nyonya+Sunaryo/@-7.3044176,112.6182748,12z/data=!4m11!1m3!2m2!1stoko+kue+surabaya!6e5!3m6!1s0x2dd7fa362240910d:0x4f21604410785622!8m2!3d-7.2850974!4d112.7708368!15sChF0b2tvIGt1ZSBzdXJhYmF5YVoTIhF0b2tvIGt1ZSBzdXJhYmF5YZIBCWNha2Vfc2hvcOABAA!16s%2Fg%2F1pzrcknmr?entry=ttu&g_ep=EgoyMDI1MDEyOS4xIKXMDSoASAFQAw%3D%3D"
ROTI IN Tjwan Bo,"Jl. Raya Jemursari No.128-130, Jemur Wonosari, Kec. Wonocolo, Surabaya, Jawa Timur 60237",,(031) 8431855,1668,4.6,-7.3044176,112.6182748,"https://www.google.com/maps/place/ROTI+IN+Tjwan+Bo/@-7.3044176,112.6182748,12z/data=!4m11!1m3!2m2!1stoko+kue+surabaya!6e5!3m6!1s0x2dd7fb11120f5b63:0xf759edac9c964f7d!8m2!3d-7.3212592!4d112.745949!15sChF0b2tvIGt1ZSBzdXJhYmF5YVoTIhF0b2tvIGt1ZSBzdXJhYmF5YZIBBmJha2VyeeABAA!16s%2Fg%2F1pzr95_s8?entry=ttu&g_ep=EgoyMDI1MDEyOS4xIKXMDSoASAFQAw%3D%3D"
Roti Mox Tambang Boyo,"Jl. Tambang Boyo No.110, Pacar Kembang, Kec. Tambaksari, Surabaya, Jawa Timur 60132",rotimox.com,0852-3065-8844,763,4.9,-7.3044176,112.6182748,"https://www.google.com/maps/place/Roti+Mox+Tambang+Boyo/@-7.3044176,112.6182748,12z/data=!4m11!1m3!2m2!1stoko+kue+surabaya!6e5!3m6!1s0x2dd7f921fe85bb07:0xe1a1e5c00b4af76f!8m2!3d-7.2599048!4d112.7596951!15sChF0b2tvIGt1ZSBzdXJhYmF5YVoTIhF0b2tvIGt1ZSBzdXJhYmF5YZIBCWNha2Vfc2hvcOABAA!16s%2Fg%2F11j920smrb?entry=ttu&g_ep=EgoyMDI1MDEyOS4xIKXMDSoASAFQAw%3D%3D"
Roti / Kue Hot Bread Surabaya,"Jl. Gubeng Kertajaya VI B No.49, RW.12, Kertajaya, Kec. Gubeng, Surabaya, Jawa Timur 60282",instagram.com,0878-5553-5653,329,5.0,-7.3044176,112.6182748,"https://www.google.com/maps/place/Roti+%2F+Kue+Hot+Bread+Surabaya/@-7.3044176,112.6182748,12z/data=!4m11!1m3!2m2!1stoko+kue+surabaya!6e5!3m6!1s0x2dd7fbce9b9afb7d:0x9cd8e1f11102ee0f!8m2!3d-7.2795931!4d112.7565351!15sChF0b2tvIGt1ZSBzdXJhYmF5YVoTIhF0b2tvIGt1ZSBzdXJhYmF5YZIBBmJha2VyeeABAA!16s%2Fg%2F1jkvt7y4y?entry=ttu&g_ep=EgoyMDI1MDEyOS4xIKXMDSoASAFQAw%3D%3D"
Kue Tart Enak & murah Surabaya,"Jl. Kedung Turi 4 No.17, Kedungdoro, Kec. Tegalsari, Surabaya, Jawa Timur 60261",sites.google.com,0857-3112-1381,55,5.0,-7.3044176,112.6182748,"https://www.google.com/maps/place/Kue+Tart+Enak+%26+murah+Surabaya/@-7.3044176,112.6182748,12z/data=!4m11!1m3!2m2!1stoko+kue+surabaya!6e5!3m6!1s0x2dd7f963bd67ec8b:0x9ac7315f07d1a504!8m2!3d-7.2612611!4d112.736185!15sChF0b2tvIGt1ZSBzdXJhYmF5YVoTIhF0b2tvIGt1ZSBzdXJhYmF5YZIBCWNha2Vfc2hvcOABAA!16s%2Fg%2F11tbhhslty?entry=ttu&g_ep=EgoyMDI1MDEyOS4xIKXMDSoASAFQAw%3D%3D"
Libby - Gubeng,"Jl. Raya Gubeng No.4, Gubeng, Kec. Gubeng, Surabaya, Jawa Timur 60293",,0813-3662-3555,850,4.6,-7.3044176,112.6182748,"https://www.google.com/maps/place/Libby+-+Gubeng/@-7.3044176,112.6182748,12z/data=!4m11!1m3!2m2!1stoko+kue+surabaya!6e5!3m6!1s0x2dd7fbd9f28fd3f7:0x3fb9d3aba73d0ba7!8m2!3d-7.269574!4d112.7506105!15sChF0b2tvIGt1ZSBzdXJhYmF5YVoTIhF0b2tvIGt1ZSBzdXJhYmF5YZIBCWNha2Vfc2hvcOABAA!16s%2Fg%2F1hm43763y?entry=ttu&g_ep=EgoyMDI1MDEyOS4xIKXMDSoASAFQAw%3D%3D"
Cake Boss,"Jl. Krukah Utara No.68, RT.003/RW.05, Ngagelrejo, Kec. Wonokromo, Surabaya, Jawa Timur 60245",,(031) 99445727,985,4.6,-7.3044176,112.6182748,"https://www.google.com/maps/place/Cake+Boss/@-7.3044176,112.6182748,12z/data=!4m11!1m3!2m2!1stoko+kue+surabaya!6e5!3m6!1s0x2dd7fb43afa9a353:0x441d73d762280f2a!8m2!3d-7.2935827!4d112.752934!15sChF0b2tvIGt1ZSBzdXJhYmF5YVoTIhF0b2tvIGt1ZSBzdXJhYmF5YZIBBmJha2VyeeABAA!16s%2Fg%2F11fj_fydtd?entry=ttu&g_ep=EgoyMDI1MDEyOS4xIKXMDSoASAFQAw%3D%3D"
Roti Mox - Kedung Cowek,"Jl. Kedung Cowek No.47 D, Gading, Kec. Tambaksari, Surabaya, Jawa Timur 60134",rotimox.com,0812-1609-4414,1154,5.0,-7.3044176,112.6182748,"https://www.google.com/maps/place/Roti+Mox+-+Kedung+Cowek/@-7.3044176,112.6182748,12z/data=!4m11!1m3!2m2!1stoko+kue+surabaya!6e5!3m6!1s0x2dd7f9a3e748e9c5:0xb1c97f68b7149ff8!8m2!3d-7.2418297!4d112.7691185!15sChF0b2tvIGt1ZSBzdXJhYmF5YVoTIhF0b2tvIGt1ZSBzdXJhYmF5YZIBCWNha2Vfc2hvcOABAA!16s%2Fg%2F11hdc4bjzf?entry=ttu&g_ep=EgoyMDI1MDEyOS4xIKXMDSoASAFQAw%3D%3D"
Roti Mox,"Jl. Simokerto No.26, Simokerto, Kec. Simokerto, Surabaya, Jawa Timur 60143",rotimox.com,0812-3560-9590,630,4.9,-7.3044176,112.6182748,"https://www.google.com/maps/place/Roti+Mox/@-7.3044176,112.6182748,12z/data=!4m11!1m3!2m2!1stoko+kue+surabaya!6e5!3m6!1s0x2dd7f90e5e9b3e01:0xfc122d3331fc30a5!8m2!3d-7.2397239!4d112.753603!15sChF0b2tvIGt1ZSBzdXJhYmF5YVoTIhF0b2tvIGt1ZSBzdXJhYmF5YZIBCWNha2Vfc2hvcOABAA!16s%2Fg%2F11cls7fgqh?entry=ttu&g_ep=EgoyMDI1MDEyOS4xIKXMDSoASAFQAw%3D%3D"
Bento cake surabaya,"Jl. Semolowaru Utara IV No.10, Semolowaru, Kec. Sukolilo, Surabaya, Jawa Timur 60119",instagram.com,0857-3399-7372,23,5.0,-7.3044176,112.6182748,"https://www.google.com/maps/place/Bento+cake+surabaya/@-7.3044176,112.6182748,12z/data=!4m11!1m3!2m2!1stoko+kue+surabaya!6e5!3m6!1s0x2dd7fbb241d76697:0x784dcc2a3d4d1234!8m2!3d-7.2998706!4d112.7767378!15sChF0b2tvIGt1ZSBzdXJhYmF5YVoTIhF0b2tvIGt1ZSBzdXJhYmF5YZIBCWNha2Vfc2hvcOABAA!16s%2Fg%2F11t6kn98_4?entry=ttu&g_ep=EgoyMDI1MDEyOS4xIKXMDSoASAFQAw%3D%3D"
Kue ulang tahun Surabaya D'Cake,"Jl. Arief Rahman Hakim Regency 21, Keputih, Kec. Sukolilo, Surabaya, Jawa Timur",instagram.com,0852-5639-1175,6,5.0,-7.3044176,112.6182748,"https://www.google.com/maps/place/Kue+ulang+tahun+Surabaya+D'Cake/@-7.3044176,112.6182748,12z/data=!4m11!1m3!2m2!1stoko+kue+surabaya!6e5!3m6!1s0x2dd7fb6161e6070b:0x69e968ce92322810!8m2!3d-7.292835!4d112.7836221!15sChF0b2tvIGt1ZSBzdXJhYmF5YVoTIhF0b2tvIGt1ZSBzdXJhYmF5YZIBCWNha2Vfc2hvcOABAA!16s%2Fg%2F11s8jvsjl_?entry=ttu&g_ep=EgoyMDI1MDEyOS4xIKXMDSoASAFQAw%3D%3D"
Parisienne Pastry & Bakery,"Jl. Raya Manyar No.53A, Menur Pumpungan, Kec. Sukolilo, Surabaya, Jawa Timur 60118",parisiennepastrynbakery.com,0813-3187-7077,345,4.5,-7.3044176,112.6182748,"https://www.google.com/maps/place/Parisienne+Pastry+%26+Bakery/@-7.3044176,112.6182748,12z/data=!4m11!1m3!2m2!1stoko+kue+surabaya!6e5!3m6!1s0x2dd7fbcc31b87861:0x1fa99ff50f25a8a3!8m2!3d-7.2919488!4d112.7628274!15sChF0b2tvIGt1ZSBzdXJhYmF5YVoTIhF0b2tvIGt1ZSBzdXJhYmF5YZIBBmJha2VyeeABAA!16s%2Fg%2F11fhymn8p1?entry=ttu&g_ep=EgoyMDI1MDEyOS4xIKXMDSoASAFQAw%3D%3D"
Lapis Kukus Pahlawan - Genteng Official Store,"Jl. Genteng Besar No.77, Genteng, Kec. Genteng, Surabaya, Jawa Timur 60275",lapispahlawan.co.id,0811-1169-531,1477,4.9,-7.3044176,112.6182748,"https://www.google.com/maps/place/Lapis+Kukus+Pahlawan+-+Genteng+Official+Store/@-7.3044176,112.6182748,12z/data=!4m11!1m3!2m2!1stoko+kue+surabaya!6e5!3m6!1s0x2dd7f9678e5eaaab:0x16d237792149fe37!8m2!3d-7.2586817!4d112.7396299!15sChF0b2tvIGt1ZSBzdXJhYmF5YVoTIhF0b2tvIGt1ZSBzdXJhYmF5YZIBCWNha2Vfc2hvcOABAA!16s%2Fg%2F11h6g5402q?entry=ttu&g_ep=EgoyMDI1MDEyOS4xIKXMDSoASAFQAw%3D%3D"
MAKO BAKERY & CAKE - TUNJUNGAN PLAZA,"Jl. Basuki Rahmat No.8-12, Kedungdoro, Kec. Tegalsari, Surabaya, Jawa Timur 60261",makobakery.com,(031) 5459604,166,4.4,-7.3044176,112.6182748,"https://www.google.com/maps/place/MAKO+BAKERY+%26+CAKE+-+TUNJUNGAN+PLAZA/@-7.3044176,112.6182748,12z/data=!4m11!1m3!2m2!1stoko+kue+surabaya!6e5!3m6!1s0x2dd7f960edb782f9:0xcc70e348515a9101!8m2!3d-7.2633571!4d112.7396774!15sChF0b2tvIGt1ZSBzdXJhYmF5YVoTIhF0b2tvIGt1ZSBzdXJhYmF5YZIBBmJha2VyeeABAA!16s%2Fg%2F1hm304gbr?entry=ttu&g_ep=EgoyMDI1MDEyOS4xIKXMDSoASAFQAw%3D%3D"
Surabaya Patata - Dharmahusada,"Jl. Dharmahusada No.187, Mojo, Kec. Gubeng, Surabaya, Jawa Timur 60285",surabayapatata.com,0812-2689-9824,2255,4.2,-7.3044176,112.6182748,"https://www.google.com/maps/place/Surabaya+Patata+-+Dharmahusada/@-7.3044176,112.6182748,12z/data=!4m11!1m3!2m2!1stoko+kue+surabaya!6e5!3m6!1s0x2dd7fa29baebbd65:0x7677a9e5cd5137a9!8m2!3d-7.2673131!4d112.7709269!15sChF0b2tvIGt1ZSBzdXJhYmF5YVoTIhF0b2tvIGt1ZSBzdXJhYmF5YZIBBmJha2VyeeABAA!16s%2Fg%2F11df81642x?entry=ttu&g_ep=EgoyMDI1MDEyOS4xIKXMDSoASAFQAw%3D%3D"
LAPIS SURABAYA,"QP3M+97X, Gundih, Kec. Bubutan, Surabaya, Jawa Timur 60172",,(031) 500058,163,4.6,-7.3044176,112.6182748,"https://www.google.com/maps/place/LAPIS+SURABAYA/@-7.3044176,112.6182748,12z/data=!4m11!1m3!2m2!1stoko+kue+surabaya!6e5!3m6!1s0x2dd7f93f4cc22dc7:0xbe58063971a060d4!8m2!3d-7.2465144!4d112.7332189!15sChF0b2tvIGt1ZSBzdXJhYmF5YVoTIhF0b2tvIGt1ZSBzdXJhYmF5YZIBBmJha2VyeeABAA!16s%2Fg%2F11gbxd0ktc?entry=ttu&g_ep=EgoyMDI1MDEyOS4xIKXMDSoASAFQAw%3D%3D"
180Â°C Cake & Dessert,"Jl. Raya Semampir Barat No.17B, Medokan Semampir, Kec. Sukolilo, Surabaya, Jawa Timur 60119",,0813-3133-6676,71,5.0,-7.3044176,112.6182748,"https://www.google.com/maps/place/180%C2%B0C+Cake+%26+Dessert/@-7.3044176,112.6182748,12z/data=!4m11!1m3!2m2!1stoko+kue+surabaya!6e5!3m6!1s0x2dd7fbf3f012af59:0x4767018d2a92eb49!8m2!3d-7.308152!4d112.7771479!15sChF0b2tvIGt1ZSBzdXJhYmF5YVoTIhF0b2tvIGt1ZSBzdXJhYmF5YZIBCWNha2Vfc2hvcOABAA!16s%2Fg%2F11fm5wdyp4?entry=ttu&g_ep=EgoyMDI1MDEyOS4xIKXMDSoASAFQAw%3D%3D"
Toko Kue Rome 21 (Ny. Dien),"Jalan Doktor Wahidin No.21, DR. Soetomo, Kec. Tegalsari, Surabaya, Jawa Timur 60264",,(031) 5681337,287,4.6,-7.3044176,112.6182748,"https://www.google.com/maps/place/Toko+Kue+Rome+21+(Ny.+Dien)/@-7.3044176,112.6182748,12z/data=!4m11!1m3!2m2!1stoko+kue+surabaya!6e5!3m6!1s0x2dd7fbe9f09677a7:0x1532d22e7dccbdaf!8m2!3d-7.2816316!4d112.7383354!15sChF0b2tvIGt1ZSBzdXJhYmF5YVoTIhF0b2tvIGt1ZSBzdXJhYmF5YZIBBmJha2VyeeABAA!16s%2Fg%2F1pzwr68rn?entry=ttu&g_ep=EgoyMDI1MDEyOS4xIKXMDSoASAFQAw%3D%3D"
Kampoeng Roti Mulyosari,"Jl. Raya Mulyosari No.69D, Kalisari, Kec. Mulyorejo, Surabaya, Jawa Timur 60112",kampoengroti.com,(031) 5998905,960,4.5,-7.3044176,112.6182748,"https://www.google.com/maps/place/Kampoeng+Roti+Mulyosari/@-7.3044176,112.6182748,12z/data=!4m11!1m3!2m2!1stoko+kue+surabaya!6e5!3m6!1s0x2dd7fa1d085a2e49:0xd059394f53322386!8m2!3d-7.2624402!4d112.7956927!15sChF0b2tvIGt1ZSBzdXJhYmF5YVoTIhF0b2tvIGt1ZSBzdXJhYmF5YZIBBmJha2VyeeABAA!16s%2Fg%2F1pzvv9lbk?entry=ttu&g_ep=EgoyMDI1MDEyOS4xIKXMDSoASAFQAw%3D%3D"
Laritta Bakery - Nias,"Jl. Nias No.132, Ngagel, Kec. Wonokromo, Surabaya, Jawa Timur 60246",larittabakery.com,0896-1251-7407,773,4.8,-7.3044176,112.6182748,"https://www.google.com/maps/place/Laritta+Bakery+-+Nias/@-7.3044176,112.6182748,12z/data=!4m11!1m3!2m2!1stoko+kue+surabaya!6e5!3m6!1s0x2dd7fbc56e828491:0xc4de5d7ceda47ff5!8m2!3d-7.2783088!4d112.749888!15sChF0b2tvIGt1ZSBzdXJhYmF5YVoTIhF0b2tvIGt1ZSBzdXJhYmF5YZIBBmJha2VyeeABAA!16s%2Fg%2F1hm2twzcj?entry=ttu&g_ep=EgoyMDI1MDEyOS4xIKXMDSoASAFQAw%3D%3D"
Toko Kue Ny Yasin Zein,"Jl. Dharmahusada Indah Utara I No.25 Blok B 44, Mulyorejo, Surabaya, East Java 60115",,(031) 5920082,120,4.3,-7.3044176,112.6182748,"https://www.google.com/maps/place/Toko+Kue+Ny+Yasin+Zein/@-7.3044176,112.6182748,12z/data=!4m11!1m3!2m2!1stoko+kue+surabaya!6e5!3m6!1s0x2dd7fb6ae544aa8d:0x123d753b23286696!8m2!3d-7.2700107!4d112.7758967!15sChF0b2tvIGt1ZSBzdXJhYmF5YVoTIhF0b2tvIGt1ZSBzdXJhYmF5YZIBCWNha2Vfc2hvcOABAA!16s%2Fg%2F1pv0f959h?entry=ttu&g_ep=EgoyMDI1MDEyOS4xIKXMDSoASAFQAw%3D%3D"
Cherry Bakery & Cake Surabaya,"JL patimura 23, Jl. Darmo Baru Barat XII No.23, Surabaya, Jawa Timur 60189",,0821-3990-8696,6,5.0,-7.3044176,112.6182748,"https://www.google.com/maps/place/Cherry+Bakery+%26+Cake+Surabaya/@-7.3044176,112.6182748,12z/data=!4m11!1m3!2m2!1stoko+kue+surabaya!6e5!3m6!1s0x2dd7fd9aced966af:0x2d26c5f216356e21!8m2!3d-7.2771016!4d112.698232!15sChF0b2tvIGt1ZSBzdXJhYmF5YVoTIhF0b2tvIGt1ZSBzdXJhYmF5YZIBCWNha2Vfc2hvcOABAA!16s%2Fg%2F11jzhndx83?entry=ttu&g_ep=EgoyMDI1MDEyOS4xIKXMDSoASAFQAw%3D%3D"
MAKO BAKERY & CAKE - Plaza Surabaya,"Plaza Surabaya, Jl. Pemuda Lantai 1, Embong Kaliasin, Kec. Genteng, Surabaya, Jawa Timur 60271",makobakery.com,0812-8070-0824,133,4.2,-7.3044176,112.6182748,"https://www.google.com/maps/place/MAKO+BAKERY+%26+CAKE+-+Plaza+Surabaya/@-7.3044176,112.6182748,12z/data=!3m1!5s0x2dd7f9623be241d9:0x565a4b2fd4071dbb!4m11!1m3!2m2!1stoko+kue+surabaya!6e5!3m6!1s0x2dd7f962f3bfa483:0xc30c9745eaf10ee0!8m2!3d-7.2651239!4d112.748461!15sChF0b2tvIGt1ZSBzdXJhYmF5YVoTIhF0b2tvIGt1ZSBzdXJhYmF5YZIBBmJha2VyeeABAA!16s%2Fg%2F11b6p_bf3y?entry=ttu&g_ep=EgoyMDI1MDEyOS4xIKXMDSoASAFQAw%3D%3D"
Tart Alyssa cake,"Kupang Gn. Bar. VIII Jl. Rukun Tetangga 03 No.9a, RT.03/RW.09, Putat Jaya, Kec. Sawahan, Surabaya, Jawa Timur 60255",,0857-3300-5552,36,4.9,-7.3044176,112.6182748,"https://www.google.com/maps/place/Tart+Alyssa+cake/@-7.3044176,112.6182748,12z/data=!4m11!1m3!2m2!1stoko+kue+surabaya!6e5!3m6!1s0x2dd7fb39d6ce64ed:0x9548e15b56acc7bc!8m2!3d-7.2781536!4d112.7214181!15sChF0b2tvIGt1ZSBzdXJhYmF5YVoTIhF0b2tvIGt1ZSBzdXJhYmF5YZIBCWNha2Vfc2hvcOABAA!16s%2Fg%2F11h4bypg8f?entry=ttu&g_ep=EgoyMDI1MDEyOS4xIKXMDSoASAFQAw%3D%3D"
Holland Bakery,"Jl. Komisaris Besar Polisi Jl. Kombes Pol. Moh. Duryat No.14-16, Tegalsari, Kec. Tegalsari, Surabaya, Jawa Timur 60262",,(031) 5454477,322,4.6,-7.3044176,112.6182748,"https://www.google.com/maps/place/Holland+Bakery/@-7.3044176,112.6182748,12z/data=!4m11!1m3!2m2!1stoko+kue+surabaya!6e5!3m6!1s0x2dd7fbdfc9354b3b:0xb1e81c50447ae014!8m2!3d-7.2683514!4d112.7386368!15sChF0b2tvIGt1ZSBzdXJhYmF5YVoTIhF0b2tvIGt1ZSBzdXJhYmF5YZIBBmJha2VyeeABAA!16s%2Fg%2F1th45x5t?entry=ttu&g_ep=EgoyMDI1MDEyOS4xIKXMDSoASAFQAw%3D%3D"
"Pusat Kue Basah Surabaya, Kue Tampah, Kue Nampan dan Snack Box Surabaya",,instagram.com,0895-1873-7400,3,5.0,-6.914709,113.4390448,"https://www.google.com/maps/place/Pusat+Kue+Basah+Surabaya,+Kue+Tampah,+Kue+Nampan+dan+Snack+Box+Surabaya/@-6.914709,113.4390448,12z/data=!4m11!1m3!2m2!1stoko+kue+surabaya!6e5!3m6!1s0x2dd7fbf2a4128cdd:0x90f46344be0af138!8m2!3d-6.914709!4d113.5832404!15sChF0b2tvIGt1ZSBzdXJhYmF5YZIBCWNha2Vfc2hvcOABAA!16s%2Fg%2F11gtb_svp1?entry=ttu&g_ep=EgoyMDI1MDEyOS4xIKXMDSoASAFQAw%3D%3D"
Anita Family Bakery Kapas Krampung,"Jl. Kapas Krampung No.200, Ploso, Kec. Tambaksari, Surabaya, Jawa Timur 60133",anitafamily.co.id,0811-3250-313,97,4.6,-7.2505018,112.6206815,"https://www.google.com/maps/place/Anita+Family+Bakery+Kapas+Krampung/@-7.2505018,112.6206815,12z/data=!4m11!1m3!2m2!1stoko+kue+surabaya!6e5!3m6!1s0x2dd7f90fb4683051:0x13e6033ea4a580ef!8m2!3d-7.2505018!4d112.7648771!15sChF0b2tvIGt1ZSBzdXJhYmF5YVoTIhF0b2tvIGt1ZSBzdXJhYmF5YZIBBmJha2VyeeABAA!16s%2Fg%2F11mvtnb6kq?entry=ttu&g_ep=EgoyMDI1MDEyOS4xIKXMDSoASAFQAw%3D%3D"
Barby's Bakery - Tunjungan Plaza 3,"Level 5, Tunjungan Plaza 3, Jl. Basuki Rahmat No.8-12, Kedungdoro, Tegalsari, Surabaya, East Java 60261",,0878-5412-3435,182,4.8,-7.2505018,112.6206815,"https://www.google.com/maps/place/Barby's+Bakery+-+Tunjungan+Plaza+3/@-7.2505018,112.6206815,12z/data=!4m11!1m3!2m2!1stoko+kue+surabaya!6e5!3m6!1s0x2dd7fbdc41f2dab1:0x2266aad642111052!8m2!3d-7.2617173!4d112.739998!15sChF0b2tvIGt1ZSBzdXJhYmF5YVoTIhF0b2tvIGt1ZSBzdXJhYmF5YZIBBmJha2VyeeABAA!16s%2Fg%2F1pzqmmgnk?entry=ttu&g_ep=EgoyMDI1MDEyOS4xIKXMDSoASAFQAw%3D%3D"
Kue Ulang Tahun Surabaya,"Dukuh Menanggal, Kec. Gayungan, Surabaya, Jawa Timur 60234",,0812-6120-165,15,4.5,-7.2505018,112.6206815,"https://www.google.com/maps/place/Kue+Ulang+Tahun+Surabaya/@-7.2505018,112.6206815,12z/data=!4m11!1m3!2m2!1stoko+kue+surabaya!6e5!3m6!1s0x2dd7fb4d9b5101fb:0x3c70eda0e30d01da!8m2!3d-7.3454183!4d112.72791!15sChF0b2tvIGt1ZSBzdXJhYmF5YVoTIhF0b2tvIGt1ZSBzdXJhYmF5YZIBCWNha2Vfc2hvcOABAA!16s%2Fg%2F11gch_jjfk?entry=ttu&g_ep=EgoyMDI1MDEyOS4xIKXMDSoASAFQAw%3D%3D"
Ferros Cake ( Gethuk Roll Surabaya ),"Jl. Labansari I No.12, RT.01/RW.05, Dukuh Sutorejo, Kec. Mulyorejo, Surabaya, Jawa Timur 60113",,0838-5473-3843,47,5.0,-7.2505018,112.6206815,"https://www.google.com/maps/place/Ferros+Cake+(+Gethuk+Roll+Surabaya+)/@-7.2505018,112.6206815,12z/data=!4m11!1m3!2m2!1stoko+kue+surabaya!6e5!3m6!1s0x2dd7f9a1dbef6437:0x39215f3d8123317!8m2!3d-7.2574577!4d112.7917219!15sChF0b2tvIGt1ZSBzdXJhYmF5YVoTIhF0b2tvIGt1ZSBzdXJhYmF5YZIBCWNha2Vfc2hvcOABAA!16s%2Fg%2F11p_6f0wpv?entry=ttu&g_ep=EgoyMDI1MDEyOS4xIKXMDSoASAFQAw%3D%3D"
Pawonlory kuetartsurabaya,"Jl. Embong Malang No.71-75, Kedungdoro, Kec. Tegalsari, Surabaya, Jawa Timur 60261",msha.ke,0822-7299-8989,18,4.9,-7.2505018,112.6206815,"https://www.google.com/maps/place/Pawonlory+kuetartsurabaya/@-7.2505018,112.6206815,12z/data=!4m11!1m3!2m2!1stoko+kue+surabaya!6e5!3m6!1s0x2dd7f9427875a325:0xf05e5db6df103779!8m2!3d-7.259285!4d112.7354775!15sChF0b2tvIGt1ZSBzdXJhYmF5YVoTIhF0b2tvIGt1ZSBzdXJhYmF5YZIBCWNha2Vfc2hvcOABAA!16s%2Fg%2F11h0bwl085?entry=ttu&g_ep=EgoyMDI1MDEyOS4xIKXMDSoASAFQAw%3D%3D"
Kue-kue Ibu Hasan - Manyar Rejo,"Jl. Manyar Rejo No.8 Wonokromo Wonokromo, Menur Pumpungan, Kec. Sukolilo, Surabaya, Jawa Timur 60243",,0812-4428-2626,620,4.5,-7.2505018,112.6206815,"https://www.google.com/maps/place/Kue-kue+Ibu+Hasan+-+Manyar+Rejo/@-7.2505018,112.6206815,12z/data=!4m11!1m3!2m2!1stoko+kue+surabaya!6e5!3m6!1s0x2dd7fa4d1a617cdd:0xa3dcdaefed4e93cd!8m2!3d-7.2938623!4d112.7630436!15sChF0b2tvIGt1ZSBzdXJhYmF5YVoTIhF0b2tvIGt1ZSBzdXJhYmF5YZIBBmJha2VyeeABAA!16s%2Fg%2F1hdyzv1jc?entry=ttu&g_ep=EgoyMDI1MDEyOS4xIKXMDSoASAFQAw%3D%3D"
Kue Luwes Surabaya,"Jl. Semolowaru Utara No.21, Semolowaru, Kec. Sukolilo, Surabaya, Jawa Timur 60119",linktr.ee,0857-3520-8442,32,4.2,-7.2505018,112.6206815,"https://www.google.com/maps/place/Kue+Luwes+Surabaya/@-7.2505018,112.6206815,12z/data=!4m11!1m3!2m2!1stoko+kue+surabaya!6e5!3m6!1s0x2dd7fa5be0a94d1d:0x543c00d89bc1e8fd!8m2!3d-7.2995855!4d112.7792505!15sChF0b2tvIGt1ZSBzdXJhYmF5YVoTIhF0b2tvIGt1ZSBzdXJhYmF5YZIBCWNha2Vfc2hvcOABAA!16s%2Fg%2F11b6xh89g4?entry=ttu&g_ep=EgoyMDI1MDEyOS4xIKXMDSoASAFQAw%3D%3D"
Tungga Dewi Cake Kapas Krampung,"Jl. Kapas Krampung No.200A, Ploso, Kec. Tambaksari, Surabaya, Jawa Timur 60133",instagram.com,0811-3250-313,30,5.0,-7.2505018,112.6206815,"https://www.google.com/maps/place/Tungga+Dewi+Cake+Kapas+Krampung/@-7.2505018,112.6206815,12z/data=!4m11!1m3!2m2!1stoko+kue+surabaya!6e5!3m6!1s0x2dd7f9aa53552461:0xff31ea4636f8317c!8m2!3d-7.2504671!4d112.7645476!15sChF0b2tvIGt1ZSBzdXJhYmF5YVoTIhF0b2tvIGt1ZSBzdXJhYmF5YZIBBmJha2VyeeABAA!16s%2Fg%2F11n0k4qhr2?entry=ttu&g_ep=EgoyMDI1MDEyOS4xIKXMDSoASAFQAw%3D%3D"
Kue Tart Mom's Shaka,"Jl. Banyu Urip Kidul VI C No.5, Banyu Urip, Kec. Sawahan, Surabaya, Jawa Timur 60254",kuetartmurahsurabaya.blogspot.com,0895-3788-93000,41,4.8,-7.2505018,112.6206815,"https://www.google.com/maps/place/Kue+Tart+Mom's+Shaka/@-7.2505018,112.6206815,12z/data=!4m11!1m3!2m2!1stoko+kue+surabaya!6e5!3m6!1s0x2dd7fb530ae5009d:0x59dcbf3dd7eb158e!8m2!3d-7.2721453!4d112.7191159!15sChF0b2tvIGt1ZSBzdXJhYmF5YVoTIhF0b2tvIGt1ZSBzdXJhYmF5YZIBDndlZGRpbmdfYmFrZXJ54AEA!16s%2Fg%2F11rwrw04tr?entry=ttu&g_ep=EgoyMDI1MDEyOS4xIKXMDSoASAFQAw%3D%3D"
La Patisserie,"Sheraton Surabaya Hotel & Towers, Jl. Embong Malang No.25-31, Kedungdoro, Kec. Tegalsari, Surabaya, Jawa Timur 60261",marriott.com,(031) 5468000,17,4.8,-7.2505018,112.6206815,"https://www.google.com/maps/place/La+Patisserie/@-7.2505018,112.6206815,12z/data=!4m11!1m3!2m2!1stoko+kue+surabaya!6e5!3m6!1s0x2dd7f95d0052a0cf:0x4444414e0f819cd7!8m2!3d-7.2628554!4d112.7383126!15sChF0b2tvIGt1ZSBzdXJhYmF5YVoTIhF0b2tvIGt1ZSBzdXJhYmF5YZIBC3Bhc3RyeV9zaG9w4AEA!16s%2Fg%2F11jf0301hy?entry=ttu&g_ep=EgoyMDI1MDEyOS4xIKXMDSoASAFQAw%3D%3D"
SpikoeLivana Kartini & LIVKOPI,"Jl. R.A Kartini No.127, DR. Soetomo, Kec. Tegalsari, Surabaya, Jawa Timur 60264",spikoelivana.com,0821-3229-1276,222,4.8,-7.2505018,112.6206815,"https://www.google.com/maps/place/SpikoeLivana+Kartini+%26+LIVKOPI/@-7.2505018,112.6206815,12z/data=!4m11!1m3!2m2!1stoko+kue+surabaya!6e5!3m6!1s0x2dd7fb0b68ef9135:0xed39f4f96e3566fe!8m2!3d-7.2786879!4d112.7326628!15sChF0b2tvIGt1ZSBzdXJhYmF5YVoTIhF0b2tvIGt1ZSBzdXJhYmF5YZIBBmJha2VyeeABAA!16s%2Fg%2F11g18w3k8r?entry=ttu&g_ep=EgoyMDI1MDEyOS4xIKXMDSoASAFQAw%3D%3D"
Gosyen Bakery,"Ruko Tidar Mas Square, Jl. Tidar No.308-310 Blok A8, Tembok Dukuh, Kec. Bubutan, Surabaya, Jawa Timur 60252",,0811-3399-482,194,4.6,-7.2505018,112.6206815,"https://www.google.com/maps/place/Gosyen+Bakery/@-7.2505018,112.6206815,12z/data=!4m11!1m3!2m2!1stoko+kue+surabaya!6e5!3m6!1s0x2dd7f94db10d468f:0xfb9f38cc3a3334b6!8m2!3d-7.2557459!4d112.7188401!15sChF0b2tvIGt1ZSBzdXJhYmF5YVoTIhF0b2tvIGt1ZSBzdXJhYmF5YZIBBmJha2VyeeABAA!16s%2Fg%2F1pzsywrcj?entry=ttu&g_ep=EgoyMDI1MDEyOS4xIKXMDSoASAFQAw%3D%3D"
Fran's Bakery & Ice Cream,"Jl. Raya Gubeng No.64, Gubeng, Kec. Gubeng, Surabaya, Jawa Timur 60281",,(031) 5014580,145,4.4,-7.2505018,112.6206815,"https://www.google.com/maps/place/Fran's+Bakery+%26+Ice+Cream/@-7.2505018,112.6206815,12z/data=!4m11!1m3!2m2!1stoko+kue+surabaya!6e5!3m6!1s0x2dd7fbdbc7956313:0x5b7232c10b358442!8m2!3d-7.2729128!4d112.7472151!15sChF0b2tvIGt1ZSBzdXJhYmF5YVoTIhF0b2tvIGt1ZSBzdXJhYmF5YZIBBmJha2VyeeABAA!16s%2Fg%2F1ptxpq8dk?entry=ttu&g_ep=EgoyMDI1MDEyOS4xIKXMDSoASAFQAw%3D%3D"
Lien Cakes,"Jl. Rungkut Asri Utara XI No.3, Kali Rungkut, Kec. Rungkut, Surabaya, Jawa Timur 60293",,0812-3555-9833,28,4.0,-7.2505018,112.6206815,"https://www.google.com/maps/place/Lien+Cakes/@-7.2505018,112.6206815,12z/data=!4m11!1m3!2m2!1stoko+kue+surabaya!6e5!3m6!1s0x2dd7fb9f5bdd4e87:0xb3c97b361b2473fb!8m2!3d-7.323281!4d112.77298!15sChF0b2tvIGt1ZSBzdXJhYmF5YVoTIhF0b2tvIGt1ZSBzdXJhYmF5YZIBCWNha2Vfc2hvcOABAA!16s%2Fg%2F11ghlhrrb3?entry=ttu&g_ep=EgoyMDI1MDEyOS4xIKXMDSoASAFQAw%3D%3D"
Spikoe Resep Kuno,"Jl. Rungkut Madya No.41, Rungkut Kidul, Kec. Rungkut, Surabaya, Jawa Timur 60293",spikoeresepkuno.com,(031) 8711292,5136,4.6,-7.2505018,112.6206815,"https://www.google.com/maps/place/Spikoe+Resep+Kuno/@-7.2505018,112.6206815,12z/data=!4m11!1m3!2m2!1stoko+kue+surabaya!6e5!3m6!1s0x2dd7fadb24005907:0x6675f4281aed51c0!8m2!3d-7.3311105!4d112.7742819!15sChF0b2tvIGt1ZSBzdXJhYmF5YVoTIhF0b2tvIGt1ZSBzdXJhYmF5YZIBCWNha2Vfc2hvcOABAA!16s%2Fg%2F1pzttlhws?entry=ttu&g_ep=EgoyMDI1MDEyOS4xIKXMDSoASAFQAw%3D%3D"
Enaque surabaya. Menjual aneka kue basah di surabaya,"permai No.22 blok L, Bendul Merisi, Kec. Wonocolo, Surabaya, Jawa Timur 60239",,0815-5955-3626,1,5.0,-7.2505018,112.6206815,"https://www.google.com/maps/place/Enaque+surabaya.+Menjual+aneka+kue+basah+di+surabaya/@-7.2505018,112.6206815,12z/data=!4m11!1m3!2m2!1stoko+kue+surabaya!6e5!3m6!1s0x2dd7fb7f3fb1b453:0x2166fbb4cda8fb08!8m2!3d-7.3047986!4d112.7494013!15sChF0b2tvIGt1ZSBzdXJhYmF5YVoTIhF0b2tvIGt1ZSBzdXJhYmF5YZIBCWNha2Vfc2hvcOABAA!16s%2Fg%2F11j1cbscfn?entry=ttu&g_ep=EgoyMDI1MDEyOS4xIKXMDSoASAFQAw%3D%3D"
Amalia Bakery & Cake,"Jl. Tidar No.326A, Tembok Dukuh, Kec. Bubutan, Surabaya, Jawa Timur 60251",,(031) 5462252,37,4.1,-7.2505018,112.6206815,"https://www.google.com/maps/place/Amalia+Bakery+%26+Cake/@-7.2505018,112.6206815,12z/data=!4m11!1m3!2m2!1stoko+kue+surabaya!6e5!3m6!1s0x2dd7f94fcb4da00b:0xa93b86a182b72e2c!8m2!3d-7.255701!4d112.717921!15sChF0b2tvIGt1ZSBzdXJhYmF5YVoTIhF0b2tvIGt1ZSBzdXJhYmF5YZIBBmJha2VyeeABAA!16s%2Fg%2F1pzwzqdn9?entry=ttu&g_ep=EgoyMDI1MDEyOS4xIKXMDSoASAFQAw%3D%3D"
DE MELL'S BAKERY,"Jl. Dharmahusada No.121, Mojo, Kec. Gubeng, Surabaya, Jawa Timur 60285",,(031) 5942428,268,4.5,-7.2505018,112.6206815,"https://www.google.com/maps/place/DE+MELL'S+BAKERY/@-7.2505018,112.6206815,12z/data=!4m11!1m3!2m2!1stoko+kue+surabaya!6e5!3m6!1s0x2dd7fa2a722d7423:0xd0916d5f334b6bcb!8m2!3d-7.2661672!4d112.7672024!15sChF0b2tvIGt1ZSBzdXJhYmF5YVoTIhF0b2tvIGt1ZSBzdXJhYmF5YZIBBmJha2VyeeABAA!16s%2Fg%2F11b76jmqfr?entry=ttu&g_ep=EgoyMDI1MDEyOS4xIKXMDSoASAFQAw%3D%3D"
Bakery Tenggilis,"Jl. Tenggilis Timur IV No.8, Kendangsari, Kec. Tenggilis Mejoyo, Surabaya, Jawa Timur 60292",tenggilisbakery.com,(031) 8491050,129,4.6,-7.2505018,112.6206815,"https://www.google.com/maps/place/Bakery+Tenggilis/@-7.2505018,112.6206815,12z/data=!4m11!1m3!2m2!1stoko+kue+surabaya!6e5!3m6!1s0x2dd7fb19867edbbf:0x49c638494583f3f6!8m2!3d-7.3219754!4d112.7534131!15sChF0b2tvIGt1ZSBzdXJhYmF5YVoTIhF0b2tvIGt1ZSBzdXJhYmF5YZIBBmJha2VyeeABAA!16s%2Fg%2F11bycg_qfd?entry=ttu&g_ep=EgoyMDI1MDEyOS4xIKXMDSoASAFQAw%3D%3D"
Boxbake's,"Jl. Tambaksari No.8 Cc, Tambaksari, Kec. Tambaksari, Surabaya, Jawa Timur 60136",,0851-0600-1130,87,4.8,-7.2505018,112.6206815,"https://www.google.com/maps/place/Boxbake's/@-7.2505018,112.6206815,12z/data=!4m11!1m3!2m2!1stoko+kue+surabaya!6e5!3m6!1s0x2dd7f970e21dad19:0x46c92c78d8c08768!8m2!3d-7.2528964!4d112.7549888!15sChF0b2tvIGt1ZSBzdXJhYmF5YVoTIhF0b2tvIGt1ZSBzdXJhYmF5YZIBBmJha2VyeeABAA!16s%2Fg%2F11gdlw55_n?entry=ttu&g_ep=EgoyMDI1MDEyOS4xIKXMDSoASAFQAw%3D%3D"
Rumah Kue Mentari,"Jl. Dukuh Gogor 5 No.32, Jajar Tunggal, Kec. Wiyung, Surabaya, Jawa Timur 60229",,0822-4442-5077,16,5.0,-7.2505018,112.6206815,"https://www.google.com/maps/place/Rumah+Kue+Mentari/@-7.2505018,112.6206815,12z/data=!4m11!1m3!2m2!1stoko+kue+surabaya!6e5!3m6!1s0x2dd7fc86d6affaa3:0x6826edbfafdbe608!8m2!3d-7.3114279!4d112.7078888!15sChF0b2tvIGt1ZSBzdXJhYmF5YVoTIhF0b2tvIGt1ZSBzdXJhYmF5YZIBCWNha2Vfc2hvcOABAA!16s%2Fg%2F11c5sck7lh?entry=ttu&g_ep=EgoyMDI1MDEyOS4xIKXMDSoASAFQAw%3D%3D"
SBCo (Surabaya Baking Company),"JW Marriott Hotel, Jl. Embong Malang No.85-89, Kedungdoro, Tegalsari, Surabaya, East Java 60261",marriott.com,0811-3529-279,88,4.9,-7.2505018,112.6206815,"https://www.google.com/maps/place/SBCo+(Surabaya+Baking+Company)/@-7.2505018,112.6206815,12z/data=!4m11!1m3!2m2!1stoko+kue+surabaya!6e5!3m6!1s0x2dd7f95cf4375601:0xa9d85cec49b591c8!8m2!3d-7.2596186!4d112.7345139!15sChF0b2tvIGt1ZSBzdXJhYmF5YVoTIhF0b2tvIGt1ZSBzdXJhYmF5YZIBBGRlbGmaASNDaFpEU1VoTk1HOW5TMFZKUTBGblNVUkhhelpJVVVkbkVBReABAPoBBAgAEC8!16s%2Fg%2F11jvqt21p4?entry=ttu&g_ep=EgoyMDI1MDEyOS4xIKXMDSoASAFQAw%3D%3D"
Kampoeng Roti - Soka,"Jl. Soka No.21B, Tambaksari, Kec. Tambaksari, Surabaya, Jawa Timur 60136",kampoengroti.com,(031) 5057507,1017,4.5,-7.2505018,112.6206815,"https://www.google.com/maps/place/Kampoeng+Roti+-+Soka/@-7.2505018,112.6206815,12z/data=!4m11!1m3!2m2!1stoko+kue+surabaya!6e5!3m6!1s0x2dd7f970f36a17e1:0x142b2353a2a1075b!8m2!3d-7.2548513!4d112.7543285!15sChF0b2tvIGt1ZSBzdXJhYmF5YVoTIhF0b2tvIGt1ZSBzdXJhYmF5YZIBBmJha2VyeeABAA!16s%2Fg%2F11c0pxtl0m?entry=ttu&g_ep=EgoyMDI1MDEyOS4xIKXMDSoASAFQAw%3D%3D"
Momoiro - Pakuwon Mall Surabaya,"Level B1, Pakuwon Mall, Jl. Mayjend. Jonosewojo, Babatan, Wiyung, Surabaya, East Java 60227",,0813-2971-3566,15,3.7,-7.2892488,112.5317408,"https://www.google.com/maps/place/Momoiro+-+Pakuwon+Mall+Surabaya/@-7.2892488,112.5317408,12z/data=!4m11!1m3!2m2!1stoko+kue+surabaya!6e5!3m6!1s0x2dd7fdda36331e1f:0xcc4c6aede5f8b385!8m2!3d-7.2892488!4d112.6759364!15sChF0b2tvIGt1ZSBzdXJhYmF5YVoTIhF0b2tvIGt1ZSBzdXJhYmF5YZIBCWNha2Vfc2hvcOABAA!16s%2Fg%2F11h_f62n5s?entry=ttu&g_ep=EgoyMDI1MDEyOS4xIKXMDSoASAFQAw%3D%3D"
Toko Roti & Kue KASCO,"Jl. Ngagel Tama Utara IV No.14, Pucang Sewu, Kec. Gubeng, Surabaya, Jawa Timur 60283",,(031) 5021686,17,4.8,-7.2885881,112.6126678,"https://www.google.com/maps/place/Toko+Roti+%26+Kue+KASCO/@-7.2885881,112.6126678,12z/data=!4m11!1m3!2m2!1stoko+kue+surabaya!6e5!3m6!1s0x2dd7fbad9d46bc65:0xcab0a6828aee63da!8m2!3d-7.2885881!4d112.7568634!15sChF0b2tvIGt1ZSBzdXJhYmF5YVoTIhF0b2tvIGt1ZSBzdXJhYmF5YZIBC3Bhc3RyeV9zaG9w4AEA!16s%2Fg%2F1hm3qfbw2?entry=ttu&g_ep=EgoyMDI1MDEyOS4xIKXMDSoASAFQAw%3D%3D"
Lapis Kukus Pahlawan Gubeng 1 - Oleh oleh khas Surabaya,"Stasiun Gubeng, Jl. Gubeng Masjid No.1, Pacar Keling, Kec. Tambaksari, Surabaya, Jawa Timur 60131",lapispahlawan.co.id,0811-1169-530,1390,5.0,-7.2885881,112.6126678,"https://www.google.com/maps/place/Lapis+Kukus+Pahlawan+Gubeng+1+-+Oleh+oleh+khas+Surabaya/@-7.2885881,112.6126678,12z/data=!4m11!1m3!2m2!1stoko+kue+surabaya!6e5!3m6!1s0x2dd7f973090859d9:0x8b90f651bee2f797!8m2!3d-7.2649374!4d112.7527019!15sChF0b2tvIGt1ZSBzdXJhYmF5YVoTIhF0b2tvIGt1ZSBzdXJhYmF5YZIBCWNha2Vfc2hvcOABAA!16s%2Fg%2F11khs31vcq?entry=ttu&g_ep=EgoyMDI1MDEyOS4xIKXMDSoASAFQAw%3D%3D"
Malica Cake Spiku dan Lapis Legit,"Jalan Lebak Arum Gang 2 No. 61, Gading, Tambaksari, Gading, Kec. Tambaksari, Surabaya, Jawa Timur 60134",malicacake.co.id,(031) 3810120,48,4.8,-7.2885881,112.6126678,"https://www.google.com/maps/place/Malica+Cake+Spiku+dan+Lapis+Legit/@-7.2885881,112.6126678,12z/data=!4m11!1m3!2m2!1stoko+kue+surabaya!6e5!3m6!1s0x2dd7f997aaaaaaab:0x6d8565f20ec34f9a!8m2!3d-7.2491304!4d112.7797936!15sChF0b2tvIGt1ZSBzdXJhYmF5YVoTIhF0b2tvIGt1ZSBzdXJhYmF5YZIBBmJha2VyeeABAA!16s%2Fg%2F11ggk4jpf3?entry=ttu&g_ep=EgoyMDI1MDEyOS4xIKXMDSoASAFQAw%3D%3D"
"Toko Bahan Kue dan Roti ""SURYA KENCANA""","Jl. Kapas Krampung No.104, Ploso, Kec. Tambaksari, Surabaya, Jawa Timur 60135",,,181,4.4,-7.2885881,112.6126678,"https://www.google.com/maps/place/Toko+Bahan+Kue+dan+Roti+%22SURYA+KENCANA%22/@-7.2885881,112.6126678,12z/data=!4m11!1m3!2m2!1stoko+kue+surabaya!6e5!3m6!1s0x2dd7f9744b16aba9:0xfb4ab550e393f37e!8m2!3d-7.2493812!4d112.7598058!15sChF0b2tvIGt1ZSBzdXJhYmF5YVoTIhF0b2tvIGt1ZSBzdXJhYmF5YZIBE2Jha2luZ19zdXBwbHlfc3RvcmXgAQA!16s%2Fg%2F11cjvflrqy?entry=ttu&g_ep=EgoyMDI1MDEyOS4xIKXMDSoASAFQAw%3D%3D"
DEVY CAKE & COOKIES,"PONDOK BENOWO INDAH Blok AP no 5, Jl. Pd. Benowo Indah No.5, RT.4 / Rw/RW.9, Babat Jerawat, Kec. Pakal, Surabaya, Jawa Timur 60197",wa.me,0898-3716-245,19,4.8,-7.2361399,112.4826178,"https://www.google.com/maps/place/DEVY+CAKE+%26+COOKIES/@-7.2361399,112.4826178,12z/data=!4m11!1m3!2m2!1stoko+kue+surabaya!6e5!3m6!1s0x2dd7ff3c1576a105:0x430440fc92fd2ced!8m2!3d-7.2361399!4d112.6268134!15sChF0b2tvIGt1ZSBzdXJhYmF5YVoTIhF0b2tvIGt1ZSBzdXJhYmF5YZIBCWNha2Vfc2hvcOABAA!16s%2Fg%2F11f635dp6k?entry=ttu&g_ep=EgoyMDI1MDEyOS4xIKXMDSoASAFQAw%3D%3D"
Custom Cake Murah Surabaya | Kue tart | Bento cake,"Jl. Kedung Turi 4 No.16, Kedungdoro, Kec. Tegalsari, Surabaya, Jawa Timur 60261",,0858-5166-8541,3,5.0,-7.2610429,112.5914657,"https://www.google.com/maps/place/Custom+Cake+Murah+Surabaya+%7C+Kue+tart+%7C+Bento+cake/@-7.2610429,112.5914657,12z/data=!4m11!1m3!2m2!1stoko+kue+surabaya!6e5!3m6!1s0x2dd7f96a57f051c3:0x287351656f4ee3eb!8m2!3d-7.2610429!4d112.7356613!15sChF0b2tvIGt1ZSBzdXJhYmF5YVoTIhF0b2tvIGt1ZSBzdXJhYmF5YZIBCWNha2Vfc2hvcOABAA!16s%2Fg%2F11t8xh4gw1?entry=ttu&g_ep=EgoyMDI1MDEyOS4xIKXMDSoASAFQAw%3D%3D"
Hevn Cake,"2, Jl. Kertajaya No.46, Airlangga, Gubeng, Surabaya, East Java 60281",hevncake.com,0812-3462-6970,17,4.8,-7.2610429,112.5914657,"https://www.google.com/maps/place/Hevn+Cake/@-7.2610429,112.5914657,12z/data=!4m11!1m3!2m2!1stoko+kue+surabaya!6e5!3m6!1s0x2dd7fbe77707eae9:0x4982fd6a8c41691e!8m2!3d-7.2778323!4d112.7522051!15sChF0b2tvIGt1ZSBzdXJhYmF5YVoTIhF0b2tvIGt1ZSBzdXJhYmF5YZIBCWNha2Vfc2hvcOABAA!16s%2Fg%2F11t29wvt0p?entry=ttu&g_ep=EgoyMDI1MDEyOS4xIKXMDSoASAFQAw%3D%3D"
Toko Kue & Pia Gaya Bali,"Jl. Kembang Jepun No.14, Nyamplungan, Kec. Pabean Cantikan, Surabaya, Jawa Timur 60162",,(031) 3540371,24,4.0,-7.2610429,112.5914657,"https://www.google.com/maps/place/Toko+Kue+%26+Pia+Gaya+Bali/@-7.2610429,112.5914657,12z/data=!4m11!1m3!2m2!1stoko+kue+surabaya!6e5!3m6!1s0x2dd7f917393ff811:0x2937dcec53e8bf7d!8m2!3d-7.2381162!4d112.7440644!15sChF0b2tvIGt1ZSBzdXJhYmF5YVoTIhF0b2tvIGt1ZSBzdXJhYmF5YZIBCWNha2Vfc2hvcOABAA!16s%2Fg%2F1hm1wcd9q?entry=ttu&g_ep=EgoyMDI1MDEyOS4xIKXMDSoASAFQAw%3D%3D"
KUE TART AINIE SURABAYA,"Jl. Mulyorejo Pertanian I No.6, Mulyorejo, Kec. Mulyorejo, Surabaya, Jawa Timur 60115",instagram.com,0838-4915-3565,7,5.0,-7.2610429,112.5914657,"https://www.google.com/maps/place/KUE+TART+AINIE+SURABAYA/@-7.2610429,112.5914657,12z/data=!4m11!1m3!2m2!1stoko+kue+surabaya!6e5!3m6!1s0x2dd7fb8f58e000b3:0x896084c7d72c3097!8m2!3d-7.2658251!4d112.7803991!15sChF0b2tvIGt1ZSBzdXJhYmF5YVoTIhF0b2tvIGt1ZSBzdXJhYmF5YZIBCWNha2Vfc2hvcOABAA!16s%2Fg%2F11h0zbfs8g?entry=ttu&g_ep=EgoyMDI1MDEyOS4xIKXMDSoASAFQAw%3D%3D"
Yummybun Surabaya,"Jl. Ngagel Jaya No.93, Pucang Sewu, Kec. Gubeng, Surabaya, Jawa Timur 60283",,0856-0718-4011,4,5.0,-7.2610429,112.5914657,"https://www.google.com/maps/place/Yummybun+Surabaya/@-7.2610429,112.5914657,12z/data=!4m11!1m3!2m2!1stoko+kue+surabaya!6e5!3m6!1s0x2dd7fb640ecc74e3:0x94efc517c80cb9aa!8m2!3d-7.2930292!4d112.7554955!15sChF0b2tvIGt1ZSBzdXJhYmF5YVoTIhF0b2tvIGt1ZSBzdXJhYmF5YZIBCWNha2Vfc2hvcOABAA!16s%2Fg%2F11fst0qvqp?entry=ttu&g_ep=EgoyMDI1MDEyOS4xIKXMDSoASAFQAw%3D%3D"
Oleh-oleh Khas Surabaya Kue Lapis Surabaya,"Jl. Simo Pomahan Baru Bar. No.20, Simomulyo, Kec. Sukomanunggal, Surabaya, Jawa Timur 60281",,0821-1458-4104,11,4.5,-7.2610429,112.5914657,"https://www.google.com/maps/place/Oleh-oleh+Khas+Surabaya+Kue+Lapis+Surabaya/@-7.2610429,112.5914657,12z/data=!4m11!1m3!2m2!1stoko+kue+surabaya!6e5!3m6!1s0x2dd7feafb3b41b1b:0xa5838454c53d53bb!8m2!3d-7.2604831!4d112.7061632!15sChF0b2tvIGt1ZSBzdXJhYmF5YVoTIhF0b2tvIGt1ZSBzdXJhYmF5YZIBBmJha2VyeeABAA!16s%2Fg%2F11f3qxpj6z?entry=ttu&g_ep=EgoyMDI1MDEyOS4xIKXMDSoASAFQAw%3D%3D"
toko kue surabaya,"Jl. Diponegoro No.133, Darmo, Kec. Wonokromo, Surabaya, Jawa Timur 61257",,0851-0189-0995,1,5.0,-7.2610429,112.5914657,"https://www.google.com/maps/place/toko+kue+surabaya/@-7.2610429,112.5914657,12z/data=!4m11!1m3!2m2!1stoko+kue+surabaya!6e5!3m6!1s0x2dd7fbeb7f7c0015:0x462991e8a38b5820!8m2!3d-7.285048!4d112.733299!15sChF0b2tvIGt1ZSBzdXJhYmF5YZIBCWNha2Vfc2hvcOABAA!16s%2Fg%2F11ggs4cj3f?entry=ttu&g_ep=EgoyMDI1MDEyOS4xIKXMDSoASAFQAw%3D%3D"
Omah Kue Surabaya,"Villa, X, Blk. J Jl. Kalijudan Indah No.7, Kalijudan, Mulyorejo, Surabaya, East Java 60114",,0819-3816-8516,2,5.0,-7.2610429,112.5914657,"https://www.google.com/maps/place/Omah+Kue+Surabaya/@-7.2610429,112.5914657,12z/data=!4m11!1m3!2m2!1stoko+kue+surabaya!6e5!3m6!1s0x2dd7f9da87098293:0xafe82ed4291277dc!8m2!3d-7.2603354!4d112.7779728!15sChF0b2tvIGt1ZSBzdXJhYmF5YVoTIhF0b2tvIGt1ZSBzdXJhYmF5YZIBBmJha2VyeeABAA!16s%2Fg%2F11qqgb3nwl?entry=ttu&g_ep=EgoyMDI1MDEyOS4xIKXMDSoASAFQAw%3D%3D"
Akhira Cakes Surabaya,"Jl. Dupak Baru II No.61-A, Jepara, Kec. Bubutan, Surabaya, Jawa Timur 60171",,0878-4511-6412,11,4.3,-7.2610429,112.5914657,"https://www.google.com/maps/place/Akhira+Cakes+Surabaya/@-7.2610429,112.5914657,12z/data=!4m11!1m3!2m2!1stoko+kue+surabaya!6e5!3m6!1s0x2dd7f931532306bb:0x168d17920e3bf8de!8m2!3d-7.2427879!4d112.7216939!15sChF0b2tvIGt1ZSBzdXJhYmF5YVoTIhF0b2tvIGt1ZSBzdXJhYmF5YZIBCWNha2Vfc2hvcOABAA!16s%2Fg%2F11c713sck_?entry=ttu&g_ep=EgoyMDI1MDEyOS4xIKXMDSoASAFQAw%3D%3D"
DIAH COOKIES,"A (masuknya dari, Jl. Ketandan, Baru II Jl. Kebangsren VI No.6, Genteng, Kec. Genteng, Surabaya, Jawa Timur 60275",,0877-8714-6316,95,4.4,-7.2610429,112.5914657,"https://www.google.com/maps/place/DIAH+COOKIES/@-7.2610429,112.5914657,12z/data=!4m11!1m3!2m2!1stoko+kue+surabaya!6e5!3m6!1s0x2dd7f95ce1cfa379:0x2ac23f525d7860cf!8m2!3d-7.2585758!4d112.7361285!15sChF0b2tvIGt1ZSBzdXJhYmF5YVoTIhF0b2tvIGt1ZSBzdXJhYmF5YZIBC3Bhc3RyeV9zaG9w4AEA!16s%2Fg%2F11ggs876w8?entry=ttu&g_ep=EgoyMDI1MDEyOS4xIKXMDSoASAFQAw%3D%3D"
Dea Kue Surabaya,"Jl. Gadel Tengah II No.7, Karangpoh, Kec. Tandes, Surabaya, Jawa Timur 60188",,0857-8466-2591,3,5.0,-7.2610429,112.5914657,"https://www.google.com/maps/place/Dea+Kue+Surabaya/@-7.2610429,112.5914657,12z/data=!4m11!1m3!2m2!1stoko+kue+surabaya!6e5!3m6!1s0x2dd7fda5a4705b35:0x684f822d09c92b27!8m2!3d-7.271185!4d112.6769768!15sChF0b2tvIGt1ZSBzdXJhYmF5YVoTIhF0b2tvIGt1ZSBzdXJhYmF5YZIBCWNha2Vfc2hvcOABAA!16s%2Fg%2F11j13jvnhn?entry=ttu&g_ep=EgoyMDI1MDEyOS4xIKXMDSoASAFQAw%3D%3D"
Holland Bakery - Promenade MERR,"Ruko Promenade, Jl. Dr. Ir. H. Soekarno, Kedung Baruk, Rungkut, Surabaya, East Java 60298",hollandbakery.co.id,0877-5868-06811,324,4.5,-7.2610429,112.5914657,"https://www.google.com/maps/place/Holland+Bakery+-+Promenade+MERR/@-7.2610429,112.5914657,12z/data=!4m11!1m3!2m2!1stoko+kue+surabaya!6e5!3m6!1s0x2dd7fb411cd38b0f:0x82090d3ac9b81245!8m2!3d-7.3156163!4d112.781391!15sChF0b2tvIGt1ZSBzdXJhYmF5YVoTIhF0b2tvIGt1ZSBzdXJhYmF5YZIBBmJha2VyeeABAA!16s%2Fg%2F11fhr0f7q3?entry=ttu&g_ep=EgoyMDI1MDEyOS4xIKXMDSoASAFQAw%3D%3D"
Catharina Cake & Bakery,"Vila Bukit Mas RN No.9, Jl. KH Abdul Wahab Siamin Surabaya, Dukuh Kupang, Kec. Dukuhpakis, Surabaya, Jawa Timur 60225",,(031) 5671375,6,4.5,-7.2610429,112.5914657,"https://www.google.com/maps/place/Catharina+Cake+%26+Bakery/@-7.2610429,112.5914657,12z/data=!4m11!1m3!2m2!1stoko+kue+surabaya!6e5!3m6!1s0x2dd7fc71127400d1:0x7041864b89232371!8m2!3d-7.289386!4d112.7066!15sChF0b2tvIGt1ZSBzdXJhYmF5YVoTIhF0b2tvIGt1ZSBzdXJhYmF5YZIBCWNha2Vfc2hvcOABAA!16s%2Fg%2F11b6b9s6hq?entry=ttu&g_ep=EgoyMDI1MDEyOS4xIKXMDSoASAFQAw%3D%3D"
Glory Bakery Surabaya,"Jl. Simokerto No.59, Simokerto, Kec. Simokerto, Surabaya, Jawa Timur 60143",,0812-3009-619,38,4.8,-7.2610429,112.5914657,"https://www.google.com/maps/place/Glory+Bakery+Surabaya/@-7.2610429,112.5914657,12z/data=!4m11!1m3!2m2!1stoko+kue+surabaya!6e5!3m6!1s0x2dd7f90f00d44bf5:0x336cdb6fc71b6838!8m2!3d-7.2379495!4d112.7539157!15sChF0b2tvIGt1ZSBzdXJhYmF5YVoTIhF0b2tvIGt1ZSBzdXJhYmF5YZIBBmJha2VyeeABAA!16s%2Fg%2F11hd9lpl9t?entry=ttu&g_ep=EgoyMDI1MDEyOS4xIKXMDSoASAFQAw%3D%3D"
Tous Les Jours - Tunjungan Plaza 3,"Tunjungan Plaza, Jl. Basuki Rahmat No.8-12 III Lantai G, Kedungdoro, Kec. Tegalsari, Surabaya, Jawa Timur 60261",instagram.com,(031) 99242639,91,4.4,-7.2610429,112.5914657,"https://www.google.com/maps/place/Tous+Les+Jours+-+Tunjungan+Plaza+3/@-7.2610429,112.5914657,12z/data=!4m11!1m3!2m2!1stoko+kue+surabaya!6e5!3m6!1s0x2dd7f98d93c0203b:0xfc37d1fab5fc6b5a!8m2!3d-7.2631036!4d112.7392199!15sChF0b2tvIGt1ZSBzdXJhYmF5YVoTIhF0b2tvIGt1ZSBzdXJhYmF5YZIBBmJha2VyeeABAA!16s%2Fg%2F11qnp7_c38?entry=ttu&g_ep=EgoyMDI1MDEyOS4xIKXMDSoASAFQAw%3D%3D"
Pudding Sekisah Surabaya Dharmahusada,"Jl. Raya Dharma Husada Indah No.69A, Mulyorejo, Kec. Mulyorejo, Surabaya, Jawa Timur 60115",instagram.com,0813-3102-2147,157,5.0,-7.2610429,112.5914657,"https://www.google.com/maps/place/Pudding+Sekisah+Surabaya+Dharmahusada/@-7.2610429,112.5914657,12z/data=!4m11!1m3!2m2!1stoko+kue+surabaya!6e5!3m6!1s0x2dd7fb9c2394d6c7:0x9c41ca44ab4d8e39!8m2!3d-7.2745539!4d112.7732018!15sChF0b2tvIGt1ZSBzdXJhYmF5YVoTIhF0b2tvIGt1ZSBzdXJhYmF5YZIBBmJha2VyeeABAA!16s%2Fg%2F11rgt5w_b8?entry=ttu&g_ep=EgoyMDI1MDEyOS4xIKXMDSoASAFQAw%3D%3D"
Pia Sari Murni,"Jl. Kembang Jepun No.34, Nyamplungan, Kec. Pabean Cantikan, Surabaya, Jawa Timur 60162",instagram.com,(031) 99097519,38,4.4,-7.2610429,112.5914657,"https://www.google.com/maps/place/Pia+Sari+Murni/@-7.2610429,112.5914657,12z/data=!4m11!1m3!2m2!1stoko+kue+surabaya!6e5!3m6!1s0x2dd7f917155ec9eb:0x4235e3e2015b76d7!8m2!3d-7.2379249!4d112.743491!15sChF0b2tvIGt1ZSBzdXJhYmF5YVoTIhF0b2tvIGt1ZSBzdXJhYmF5YZIBCWNha2Vfc2hvcOABAA!16s%2Fg%2F1hm3mpgb0?entry=ttu&g_ep=EgoyMDI1MDEyOS4xIKXMDSoASAFQAw%3D%3D"
Spika Spiku,"Kapasan, Kec. Simokerto, Surabaya, Jawa Timur 60141",instagram.com,0851-0212-7533,47,4.5,-7.2610429,112.5914657,"https://www.google.com/maps/place/Spika+Spiku/@-7.2610429,112.5914657,12z/data=!3m1!5s0x2dd7f9110362f3e7:0x9466b3696a896ff5!4m11!1m3!2m2!1stoko+kue+surabaya!6e5!3m6!1s0x2dd7f911ba4bfea1:0x74c0ee7064e39850!8m2!3d-7.2393087!4d112.7473783!15sChF0b2tvIGt1ZSBzdXJhYmF5YVoTIhF0b2tvIGt1ZSBzdXJhYmF5YZIBBmJha2VyeeABAA!16s%2Fg%2F1hd_47krb?entry=ttu&g_ep=EgoyMDI1MDEyOS4xIKXMDSoASAFQAw%3D%3D"
Yunica's Cake,"Jl. Bronggalan II E No.25, RT.003/RW.10, Pacar Kembang, Kec. Tambaksari, Surabaya, Jawa Timur 60132",yunicacakes.com,0821-4080-5300,6,3.3,-7.2610429,112.5914657,"https://www.google.com/maps/place/Yunica's+Cake/@-7.2610429,112.5914657,12z/data=!4m11!1m3!2m2!1stoko+kue+surabaya!6e5!3m6!1s0x2dd7f9844e3d966d:0x75cba15db386de04!8m2!3d-7.258991!4d112.770924!15sChF0b2tvIGt1ZSBzdXJhYmF5YVoTIhF0b2tvIGt1ZSBzdXJhYmF5YZIBCWNha2Vfc2hvcOABAA!16s%2Fg%2F1hdztv9tk?entry=ttu&g_ep=EgoyMDI1MDEyOS4xIKXMDSoASAFQAw%3D%3D"
DOUGH LAB - Tunjungan Plaza 4,"Tunjungan Plaza, Kedungdoro, Kec. Tegalsari, Surabaya, Jawa Timur",doughlab.com,0821-2548-3859,248,4.5,-7.2610429,112.5914657,"https://www.google.com/maps/place/DOUGH+LAB+-+Tunjungan+Plaza+4/@-7.2610429,112.5914657,12z/data=!4m11!1m3!2m2!1stoko+kue+surabaya!6e5!3m6!1s0x2dd7f9fc741d3bd9:0x56c24629f50b2383!8m2!3d-7.2622464!4d112.7388568!15sChF0b2tvIGt1ZSBzdXJhYmF5YVoTIhF0b2tvIGt1ZSBzdXJhYmF5YZIBCWNha2Vfc2hvcOABAA!16s%2Fg%2F11t7zgbkhy?entry=ttu&g_ep=EgoyMDI1MDEyOS4xIKXMDSoASAFQAw%3D%3D"
Kue Bikang Peneleh,"Jl. Peneleh No.32-34, Peneleh, Kec. Genteng, Surabaya, Jawa Timur 60274",,(031) 5483051,27,4.7,-7.2610429,112.5914657,"https://www.google.com/maps/place/Kue+Bikang+Peneleh/@-7.2610429,112.5914657,12z/data=!4m11!1m3!2m2!1stoko+kue+surabaya!6e5!3m6!1s0x2dd7f941f1ac7feb:0xd4fcdc2737f110eb!8m2!3d-7.2515306!4d112.7381454!15sChF0b2tvIGt1ZSBzdXJhYmF5YVoTIhF0b2tvIGt1ZSBzdXJhYmF5YZIBCWNha2Vfc2hvcOABAA!16s%2Fg%2F1hm5prqly?entry=ttu&g_ep=EgoyMDI1MDEyOS4xIKXMDSoASAFQAw%3D%3D"
Amanah Cake Surabaya,"Jl. Bumi Sari Praja Selatan II No.3, Gadel, Kec. Tandes, Surabaya, Jawa Timur 60216",,0878-5501-0207,2,4.5,-7.2610429,112.5914657,"https://www.google.com/maps/place/Amanah+Cake+Surabaya/@-7.2610429,112.5914657,12z/data=!4m11!1m3!2m2!1stoko+kue+surabaya!6e5!3m6!1s0x2dd7fba6c1f0eeff:0x3181d0d420e99556!8m2!3d-7.2675332!4d112.6743797!15sChF0b2tvIGt1ZSBzdXJhYmF5YVoTIhF0b2tvIGt1ZSBzdXJhYmF5YZIBBmJha2VyeeABAA!16s%2Fg%2F11fs9plx6x?entry=ttu&g_ep=EgoyMDI1MDEyOS4xIKXMDSoASAFQAw%3D%3D"
Kue-Kue Bu Sonny Surabaya (Enak & Halal / Terima Pesanan),"Jl. Simo Rejo XXI No.25, Simomulyo, Kec. Sukomanunggal, Surabaya, Jawa Timur 60181",,0851-8683-1960,2,5.0,-7.2610429,112.5914657,"https://www.google.com/maps/place/Kue-Kue+Bu+Sonny+Surabaya+(Enak+%26+Halal+%2F+Terima+Pesanan)/@-7.2610429,112.5914657,12z/data=!4m11!1m3!2m2!1stoko+kue+surabaya!6e5!3m6!1s0x2dd7feb23da356b3:0x728a547cf58bfdeb!8m2!3d-7.2571985!4d112.7102295!15sChF0b2tvIGt1ZSBzdXJhYmF5YVoTIhF0b2tvIGt1ZSBzdXJhYmF5YZIBCWNha2Vfc2hvcOABAA!16s%2Fg%2F11c67xpmy1?entry=ttu&g_ep=EgoyMDI1MDEyOS4xIKXMDSoASAFQAw%3D%3D"
VOX BITES - Korean Bento Cake Surabaya,"Wiguna Timur Regency III No.5, Gn. Anyar Tambak, Kec. Gn. Anyar, Surabaya, Jawa Timur 60294",,0851-7982-2117,123,4.6,-7.2610429,112.5914657,"https://www.google.com/maps/place/VOX+BITES+-+Korean+Bento+Cake+Surabaya/@-7.2610429,112.5914657,12z/data=!4m11!1m3!2m2!1stoko+kue+surabaya!6e5!3m6!1s0x2dd7fbd2435b0b53:0x551e9ab53e413962!8m2!3d-7.3359107!4d112.8023833!15sChF0b2tvIGt1ZSBzdXJhYmF5YVoTIhF0b2tvIGt1ZSBzdXJhYmF5YZIBBmJha2VyeeABAA!16s%2Fg%2F11q371f93q?entry=ttu&g_ep=EgoyMDI1MDEyOS4xIKXMDSoASAFQAw%3D%3D"
Lapis Kukus Pahlawan Gubeng 2 - Oleh oleh khas Surabaya,"Jl. Stasiun Gubeng, Ketabang, Kec. Genteng, Surabaya, Jawa Timur 60272",lapispahlawan.co.id,0857-0409-3093,963,5.0,-7.2610429,112.5914657,"https://www.google.com/maps/place/Lapis+Kukus+Pahlawan+Gubeng+2+-+Oleh+oleh+khas+Surabaya/@-7.2610429,112.5914657,12z/data=!4m11!1m3!2m2!1stoko+kue+surabaya!6e5!3m6!1s0x2dd7f9051aa829ad:0x538b6e9216b72d9f!8m2!3d-7.2652478!4d112.7519387!15sChF0b2tvIGt1ZSBzdXJhYmF5YVoTIhF0b2tvIGt1ZSBzdXJhYmF5YZIBCWNha2Vfc2hvcOABAA!16s%2Fg%2F11ks3n248l?entry=ttu&g_ep=EgoyMDI1MDEyOS4xIKXMDSoASAFQAw%3D%3D"
Granada Modern Bakery,"Jl. Pemuda No.44, Embong Kaliasin, Kec. Genteng, Surabaya, Jawa Timur 60271",,,37,4.7,-7.2610429,112.5914657,"https://www.google.com/maps/place/Granada+Modern+Bakery/@-7.2610429,112.5914657,12z/data=!4m11!1m3!2m2!1stoko+kue+surabaya!6e5!3m6!1s0x2dd7f9629ad5255f:0xf3d9f8ae7930d827!8m2!3d-7.2646143!4d112.7458129!15sChF0b2tvIGt1ZSBzdXJhYmF5YVoTIhF0b2tvIGt1ZSBzdXJhYmF5YZIBBmJha2VyeeABAA!16s%2Fg%2F1ptyt6fx9?entry=ttu&g_ep=EgoyMDI1MDEyOS4xIKXMDSoASAFQAw%3D%3D"
Nest Point Cake Surabaya,"Gg. Teratai No.40, Tanah Kali Kedinding, Kec. Kenjeran, Surabaya, Jawa Timur 60129",,0851-0017-6865,1,5.0,-7.2610429,112.5914657,"https://www.google.com/maps/place/Nest+Point+Cake+Surabaya/@-7.2610429,112.5914657,12z/data=!4m11!1m3!2m2!1stoko+kue+surabaya!6e5!3m6!1s0x2dd7f929e8d25ead:0x445ecef23b92ee09!8m2!3d-7.2195503!4d112.774395!15sChF0b2tvIGt1ZSBzdXJhYmF5YVoTIhF0b2tvIGt1ZSBzdXJhYmF5YZIBCWNha2Vfc2hvcOABAA!16s%2Fg%2F11tnbjnshs?entry=ttu&g_ep=EgoyMDI1MDEyOS4xIKXMDSoASAFQAw%3D%3D"
Toko BKS(Bahan Kue Surabaya),"Jl. Arief Rahman Hakim No.207, Klampis Ngasem, Kec. Sukolilo, Surabaya, Jawa Timur 60117",tokopedia.com,0895-4008-55557,259,4.5,-7.2610429,112.5914657,"https://www.google.com/maps/place/Toko+BKS(Bahan+Kue+Surabaya)/@-7.2610429,112.5914657,12z/data=!4m11!1m3!2m2!1stoko+kue+surabaya!6e5!3m6!1s0x2dd7fb029929442b:0x237671bbea283d19!8m2!3d-7.2894285!4d112.7782801!15sChF0b2tvIGt1ZSBzdXJhYmF5YVoTIhF0b2tvIGt1ZSBzdXJhYmF5YZIBE2Jha2luZ19zdXBwbHlfc3RvcmXgAQA!16s%2Fg%2F11hzlrng6j?entry=ttu&g_ep=EgoyMDI1MDEyOS4xIKXMDSoASAFQAw%3D%3D"
Fely's Cake & Bakery,"Jl. Kapas Krampung No.206, Ploso, Kec. Tambaksari, Surabaya, Jawa Timur 60133",,0811-3099-911,48,4.0,-7.2610429,112.5914657,"https://www.google.com/maps/place/Fely's+Cake+%26+Bakery/@-7.2610429,112.5914657,12z/data=!4m11!1m3!2m2!1stoko+kue+surabaya!6e5!3m6!1s0x2dd7f99e783c6e45:0x28b944f5b7c8910a!8m2!3d-7.2505868!4d112.7651474!15sChF0b2tvIGt1ZSBzdXJhYmF5YVoTIhF0b2tvIGt1ZSBzdXJhYmF5YZIBBmJha2VyeeABAA!16s%2Fg%2F1pzxn6vg_?entry=ttu&g_ep=EgoyMDI1MDEyOS4xIKXMDSoASAFQAw%3D%3D"
kuetartsurabaya,"Jl. Rungkut Menanggal Harapan Blk. W No.8, Rungkut Menanggal, Kec. Gn. Anyar, Surabaya, Jawa Timur 60293",instagram.com,0859-3101-7288,14,4.6,-7.2610429,112.5914657,"https://www.google.com/maps/place/kuetartsurabaya/@-7.2610429,112.5914657,12z/data=!4m11!1m3!2m2!1stoko+kue+surabaya!6e5!3m6!1s0x2dd7fad01ffd472b:0xc0fdb4da5f5cb758!8m2!3d-7.3369229!4d112.774849!15sChF0b2tvIGt1ZSBzdXJhYmF5YVoTIhF0b2tvIGt1ZSBzdXJhYmF5YZIBCWNha2Vfc2hvcOABAA!16s%2Fg%2F11c5syt0rw?entry=ttu&g_ep=EgoyMDI1MDEyOS4xIKXMDSoASAFQAw%3D%3D"
Torta Kue Basah,"Jl. Wonorejo I No.15, Wonorejo, Kec. Tegalsari, Surabaya, Jawa Timur 60261",,0815-1511-5949,29,5.0,-7.2610429,112.5914657,"https://www.google.com/maps/place/Torta+Kue+Basah/@-7.2610429,112.5914657,12z/data=!4m11!1m3!2m2!1stoko+kue+surabaya!6e5!3m6!1s0x2dd7fbe434de20a1:0x3d5e70ded344674b!8m2!3d-7.2687257!4d112.7343882!15sChF0b2tvIGt1ZSBzdXJhYmF5YVoTIhF0b2tvIGt1ZSBzdXJhYmF5YZIBCWNha2Vfc2hvcOABAA!16s%2Fg%2F11fz_3mz7l?entry=ttu&g_ep=EgoyMDI1MDEyOS4xIKXMDSoASAFQAw%3D%3D"
Lapis Kukus Surabaya,"Jl. Pacar Keling No.4E, Pacar Keling, Kec. Tambaksari, Surabaya, Jawa Timur 60131",,0813-3130-3307,178,4.4,-7.2610429,112.5914657,"https://www.google.com/maps/place/Lapis+Kukus+Surabaya/@-7.2610429,112.5914657,12z/data=!4m11!1m3!2m2!1stoko+kue+surabaya!6e5!3m6!1s0x2dd7f97bce8bf443:0x1ad20d82d5601cbb!8m2!3d-7.2590458!4d112.755971!15sChF0b2tvIGt1ZSBzdXJhYmF5YVoTIhF0b2tvIGt1ZSBzdXJhYmF5YZIBBmJha2VyeeABAA!16s%2Fg%2F11dyk02cs1?entry=ttu&g_ep=EgoyMDI1MDEyOS4xIKXMDSoASAFQAw%3D%3D"
THE AMOR,"Itc Surabaya, Lantai LG Blok C0, Jl. Gembong No.40 No.37, Kapasan, Kec. Simokerto, Surabaya, Jawa Timur 60141",theamorbakery.com,0818-309-718,19,4.8,-7.2610429,112.5914657,"https://www.google.com/maps/place/THE+AMOR/@-7.2610429,112.5914657,12z/data=!4m11!1m3!2m2!1stoko+kue+surabaya!6e5!3m6!1s0x2dd7f91160028867:0x1342dfeda62fee3f!8m2!3d-7.241551!4d112.746532!15sChF0b2tvIGt1ZSBzdXJhYmF5YVoTIhF0b2tvIGt1ZSBzdXJhYmF5YZIBBmJha2VyeeABAA!16s%2Fg%2F11b6q55jrg?entry=ttu&g_ep=EgoyMDI1MDEyOS4xIKXMDSoASAFQAw%3D%3D"
Kue basah surabaya,"Jl. Karang Rejo Sawah XII No.12, Wonokromo, Kec. Wonokromo, Surabaya, Jawa Timur 60243",nasikotakdanjajansurabaya.blogspot.com,0812-9678-9006,2,5.0,-7.2610429,112.5914657,"https://www.google.com/maps/place/Kue+basah+surabaya/@-7.2610429,112.5914657,12z/data=!4m11!1m3!2m2!1stoko+kue+surabaya!6e5!3m6!1s0x2dd7fb9d110dbb25:0x376468f1fbe5f93a!8m2!3d-7.3061814!4d112.7291773!15sChF0b2tvIGt1ZSBzdXJhYmF5YVoTIhF0b2tvIGt1ZSBzdXJhYmF5YZIBCWNha2Vfc2hvcOABAA!16s%2Fg%2F11hcfqszs3?entry=ttu&g_ep=EgoyMDI1MDEyOS4xIKXMDSoASAFQAw%3D%3D"
Deb'sCake Surabaya,"Raya Satelit Barat GS no 2, Tanjungsari, Kec. Sukomanunggal, Surabaya, Jawa Timur 60187",nastar.is-by.us,0819-3852-6377,2,5.0,-7.2610429,112.5914657,"https://www.google.com/maps/place/Deb'sCake+Surabaya/@-7.2610429,112.5914657,12z/data=!4m11!1m3!2m2!1stoko+kue+surabaya!6e5!3m6!1s0x2dd7fe9f15b86b4b:0x98ac41ec85d36b0e!8m2!3d-7.266041!4d112.689612!15sChF0b2tvIGt1ZSBzdXJhYmF5YVoTIhF0b2tvIGt1ZSBzdXJhYmF5YZIBCWNha2Vfc2hvcOABAA!16s%2Fg%2F11f08cds6b?entry=ttu&g_ep=EgoyMDI1MDEyOS4xIKXMDSoASAFQAw%3D%3D"
LARÃIA Central Kitchen,"Jl. Dukuh Kupang Tim. X No.48, Pakis, Kec. Sawahan, Surabaya, Jawa Timur 60256",,(031) 5678781,54,4.3,-7.2610429,112.5914657,"https://www.google.com/maps/place/LAR%C3%89IA+Central+Kitchen/@-7.2610429,112.5914657,12z/data=!4m11!1m3!2m2!1stoko+kue+surabaya!6e5!3m6!1s0x2dd7fb968511473d:0x13e2f1679478f9f7!8m2!3d-7.2822871!4d112.7173808!15sChF0b2tvIGt1ZSBzdXJhYmF5YVoTIhF0b2tvIGt1ZSBzdXJhYmF5YZIBCWNha2Vfc2hvcOABAA!16s%2Fg%2F11g4f24lzm?entry=ttu&g_ep=EgoyMDI1MDEyOS4xIKXMDSoASAFQAw%3D%3D"
Tenny Cake,"Jl. Pacar Keling Gg. V No.9, Pacar Keling, Kec. Tambaksari, Surabaya, Jawa Timur 60131",,0813-3062-4837,1,5.0,-7.2610429,112.5914657,"https://www.google.com/maps/place/Tenny+Cake/@-7.2610429,112.5914657,12z/data=!4m11!1m3!2m2!1stoko+kue+surabaya!6e5!3m6!1s0x2dd7f9793dfac767:0xcda1ba5013696d9c!8m2!3d-7.2598955!4d112.7587808!15sChF0b2tvIGt1ZSBzdXJhYmF5YVoTIhF0b2tvIGt1ZSBzdXJhYmF5YZIBCWNha2Vfc2hvcOABAA!16s%2Fg%2F11cnwnry53?entry=ttu&g_ep=EgoyMDI1MDEyOS4xIKXMDSoASAFQAw%3D%3D"
Rotiboy Plaza Surabaya,"Plaza Surabaya Lt, Jl. Pemuda No.33-37 1.24A, Embong Kaliasin, Kec. Genteng, Surabaya, Jawa Timur 60271",rotiboy.com,(031) 5311537,19,3.5,-7.2610429,112.5914657,"https://www.google.com/maps/place/Rotiboy+Plaza+Surabaya/@-7.2610429,112.5914657,12z/data=!4m11!1m3!2m2!1stoko+kue+surabaya!6e5!3m6!1s0x2dd7f962eb545ce9:0x5ced6ad5d6eab682!8m2!3d-7.265198!4d112.748752!15sChF0b2tvIGt1ZSBzdXJhYmF5YVoTIhF0b2tvIGt1ZSBzdXJhYmF5YZIBBmJha2VyeeABAA!16s%2Fg%2F11h1lykr_?entry=ttu&g_ep=EgoyMDI1MDEyOS4xIKXMDSoASAFQAw%3D%3D"
Surabaya Patata,"Jl. Gubeng Masjid No.35, Pacar Keling, Kec. Tambaksari, Surabaya, Jawa Timur 60131",,0813-3555-4649,26,4.4,-7.2610429,112.5914657,"https://www.google.com/maps/place/Surabaya+Patata/@-7.2610429,112.5914657,12z/data=!4m11!1m3!2m2!1stoko+kue+surabaya!6e5!3m6!1s0x2dd7f97d694102bf:0x8ded25f02fed3566!8m2!3d-7.2656282!4d112.7526472!15sChF0b2tvIGt1ZSBzdXJhYmF5YVoTIhF0b2tvIGt1ZSBzdXJhYmF5YZIBCWNha2Vfc2hvcOABAA!16s%2Fg%2F11gh2t0k64?entry=ttu&g_ep=EgoyMDI1MDEyOS4xIKXMDSoASAFQAw%3D%3D"
Toko Kue Enak,"Ps. Pucang Anom, Jl. Pucang Anom, Kertajaya, Kec. Gubeng, Surabaya, Jawa Timur 60283",,(031) 5010057,2,4.5,-7.2610429,112.5914657,"https://www.google.com/maps/place/Toko+Kue+Enak/@-7.2610429,112.5914657,12z/data=!4m11!1m3!2m2!1stoko+kue+surabaya!6e5!3m6!1s0x2dd7fbc85f5eea79:0xb35e1bcb52653e4e!8m2!3d-7.284017!4d112.752752!15sChF0b2tvIGt1ZSBzdXJhYmF5YVoTIhF0b2tvIGt1ZSBzdXJhYmF5YZIBCWNha2Vfc2hvcOABAA!16s%2Fg%2F11b6njqwhn?entry=ttu&g_ep=EgoyMDI1MDEyOS4xIKXMDSoASAFQAw%3D%3D"
